username,email,birthyear
Tremain Sellars,tsellars0@hatena.ne.jp,2002
Kiele Gallamore,kgallamore1@trellian.com,2000
Gipsy Remer,gremer2@samsung.com,1994
Katerine Cowdroy,kcowdroy3@umn.edu,1986
Maren Lodemann,mlodemann4@friendfeed.com,2011
Dorita Lindenbaum,dlindenbaum5@liveinternet.ru,2001
Felicle Simonetto,fsimonetto6@vkontakte.ru,2000
Devland Gumb,dgumb7@apple.com,1998
Luciana Lawlee,llawlee8@cbslocal.com,1993
Nola Christou,nchristou9@ibm.com,1972
Shanan Olivey,soliveya@comcast.net,2006
Ros Hasson,rhassonb@i2i.jp,2001
Ugo Atwel,uatwelc@cdc.gov,1995
Kandace Algar,kalgard@vimeo.com,2007
Bunni Conew,bconewe@craigslist.org,2009
Blancha McCudden,bmccuddenf@who.int,1999
Vito Bofield,vbofieldg@dropbox.com,2013
Laurene Kellard,lkellardh@gizmodo.com,2013
Agatha Pech,apechi@furl.net,2010
Hersh Harker,hharkerj@craigslist.org,2002
Den Antonin,dantonink@squarespace.com,1996
Audre Duchan,aduchanl@loc.gov,2006
Cam Bart,cbartm@phoca.cz,2003
Maris Annear,mannearn@phpbb.com,2003
Constantina Pritty,cprittyo@sciencedirect.com,2012
Anabel Kasper,akasperp@t.co,2005
Anet Pyle,apyleq@senate.gov,1997
Berry Grinyakin,bgrinyakinr@gizmodo.com,2009
Katee Wavish,kwavishs@washingtonpost.com,2011
Hermon Shapira,hshapirat@ucla.edu,1995
Tamma Robertson,trobertsonu@exblog.jp,1997
Arlana Salt,asaltv@pbs.org,2005
Gram Scrange,gscrangew@theatlantic.com,2011
Ahmad McPheat,amcpheatx@vimeo.com,2005
Wadsworth MacInnes,wmacinnesy@goo.ne.jp,2003
Terese Trouncer,ttrouncerz@patch.com,2001
Tremayne Croxley,tcroxley10@apple.com,2006
Lutero Farguhar,lfarguhar11@gizmodo.com,2004
Blondy Arnatt,barnatt12@parallels.com,2008
Jarret Capstick,jcapstick13@usa.gov,2004
Kaila Crallan,kcrallan14@zimbio.com,1998
Miquela Caustic,mcaustic15@blogs.com,2008
Edyth Favel,efavel16@scribd.com,1992
Irene O'Cannovane,iocannovane17@cnbc.com,1991
Ricki Whittingham,rwhittingham18@omniture.com,1999
Bone Endrighi,bendrighi19@mozilla.com,2004
Doretta Rebbeck,drebbeck1a@desdev.cn,1994
Lilia Cosans,lcosans1b@indiatimes.com,1997
Jeromy Shilleto,jshilleto1c@pcworld.com,2003
Hesther Chittim,hchittim1d@yahoo.co.jp,1983
Giffer Robiot,grobiot1e@furl.net,1999
Yancey Mechem,ymechem1f@networksolutions.com,2009
Hilton Standage,hstandage1g@ovh.net,1986
Sigrid Summersby,ssummersby1h@statcounter.com,2008
Cami Blanque,cblanque1i@rediff.com,1985
Reena Deeks,rdeeks1j@nsw.gov.au,2006
Alysia Shave,ashave1k@networkadvertising.org,1995
Brendon Ioselev,bioselev1l@trellian.com,1995
Kora Comford,kcomford1m@jiathis.com,1997
Lyndsey Stitson,lstitson1n@homestead.com,2009
Rooney Bendin,rbendin1o@dagondesign.com,1999
Carol-jean Molyneaux,cmolyneaux1p@istockphoto.com,2002
Tiffani MacNeilley,tmacneilley1q@posterous.com,2002
Yelena Sabatier,ysabatier1r@japanpost.jp,1992
Tomasina Justham,tjustham1s@google.fr,2001
Cally Broadnicke,cbroadnicke1t@columbia.edu,2006
Marga Casale,mcasale1u@businessinsider.com,2012
Menard Boyfield,mboyfield1v@google.pl,1989
Hazel Barensky,hbarensky1w@storify.com,2005
Malva Boadby,mboadby1x@domainmarket.com,2010
Dru Cristoforetti,dcristoforetti1y@sbwire.com,2011
Arabel Garrique,agarrique1z@va.gov,1966
Drew De Filippi,dde20@ycombinator.com,2004
Quentin Collins,qcollins21@cbc.ca,2013
Cullen Magarrell,cmagarrell22@indiatimes.com,2007
Dorene Logie,dlogie23@mozilla.com,2005
Say Tomlinson,stomlinson24@over-blog.com,2011
Devlen Stroud,dstroud25@bbb.org,2006
Lydon Frankes,lfrankes26@arstechnica.com,2002
Tera Risborough,trisborough27@pinterest.com,2001
Bria Schachter,bschachter28@sbwire.com,2003
El Whewill,ewhewill29@clickbank.net,1997
Ricky Clemencon,rclemencon2a@tiny.cc,2011
Hilliary MacLese,hmaclese2b@hugedomains.com,2003
Nester Mcettrick,nmcettrick2c@sciencedirect.com,2007
Tressa Dickie,tdickie2d@desdev.cn,1996
Candie Cuthbert,ccuthbert2e@uol.com.br,2010
Joya Goodridge,jgoodridge2f@studiopress.com,2008
Rowland Hadden,rhadden2g@webs.com,2007
Petrina McGunley,pmcgunley2h@seesaa.net,2007
Noell Grierson,ngrierson2i@php.net,1994
Tremayne Denyagin,tdenyagin2j@google.com.au,1987
Ferrell Rowe,frowe2k@unc.edu,2011
Marie-jeanne Blenkhorn,mblenkhorn2l@sourceforge.net,2001
Bron Berrane,bberrane2m@businessinsider.com,2010
Darla Kenwright,dkenwright2n@domainmarket.com,1994
Lil Patten,lpatten2o@irs.gov,1985
Leonard Merrikin,lmerrikin2p@google.it,2002
Dwayne Archbould,darchbould2q@utexas.edu,1995
Romain Etter,retter2r@youtu.be,1984
Becky McCrackem,bmccrackem2s@etsy.com,1992
Nicol Mion,nmion2t@bloomberg.com,2000
Terencio Stockton,tstockton2u@ebay.com,1993
Ethelred Penn,epenn2v@sina.com.cn,1996
Libbi Frontczak,lfrontczak2w@exblog.jp,1999
Nichole Pearsall,npearsall2x@answers.com,1986
Cindee Pocknell,cpocknell2y@biglobe.ne.jp,1996
Victoria Aked,vaked2z@dell.com,2002
Rebbecca Kindred,rkindred30@themeforest.net,1979
Bobbee Drage,bdrage31@washington.edu,2009
Dorry Polley,dpolley32@phpbb.com,2011
Corenda Ipwell,cipwell33@msu.edu,2010
Simone Harford,sharford34@bing.com,2013
Marv Rowland,mrowland35@baidu.com,2006
Maximilianus Emanulsson,memanulsson36@wp.com,2012
Ramsay Posthill,rposthill37@fema.gov,2009
Zonda Marflitt,zmarflitt38@psu.edu,2003
Jeremias MacMaykin,jmacmaykin39@columbia.edu,1993
Powell Cannell,pcannell3a@rakuten.co.jp,2005
Dela Stampfer,dstampfer3b@state.tx.us,2001
Petey Cavolini,pcavolini3c@unblog.fr,2002
Rock Bollins,rbollins3d@tripod.com,2009
Sidonnie Black,sblack3e@aboutads.info,1998
Robinson Polkinhorn,rpolkinhorn3f@live.com,1992
Gayler Boddis,gboddis3g@pen.io,2012
Vallie Langhor,vlanghor3h@lycos.com,2007
Babs Thompstone,bthompstone3i@github.io,1986
Fernando Winsley,fwinsley3j@loc.gov,2009
Marylin Fish,mfish3k@businessweek.com,2001
Richard Shevill,rshevill3l@nydailynews.com,2001
Kat Preddy,kpreddy3m@over-blog.com,2002
Hewe Tyson,htyson3n@google.com.hk,1986
Stacee Sigmund,ssigmund3o@pinterest.com,1994
Kipper Rugg,krugg3p@shinystat.com,2008
Alva Thomesson,athomesson3q@flickr.com,2000
Henderson Mayoh,hmayoh3r@de.vu,2006
Florian Shires,fshires3s@angelfire.com,2010
Barbee Wormald,bwormald3t@nbcnews.com,2007
Hurleigh Instone,hinstone3u@seattletimes.com,2010
Sara Stormouth,sstormouth3v@alibaba.com,1965
Reade De Lacey,rde3w@youtube.com,2003
Amery Gealy,agealy3x@desdev.cn,2004
Benton Malden,bmalden3y@walmart.com,1995
Diane-marie Nairn,dnairn3z@shareasale.com,1992
Minny Ogles,mogles40@shinystat.com,1995
Lulita Khosa,lkhosa41@mozilla.org,2003
Meridel Lowthorpe,mlowthorpe42@go.com,1996
Christabel Pudden,cpudden43@parallels.com,1996
Lodovico Elsbury,lelsbury44@newsvine.com,2010
Gus Winthrop,gwinthrop45@businessweek.com,2003
Antonina Kerner,akerner46@nasa.gov,2004
Cassondra Kirsop,ckirsop47@sbwire.com,2007
Melitta Gammie,mgammie48@thetimes.co.uk,1988
Billie Mantrip,bmantrip49@unicef.org,2000
Emelia Hughf,ehughf4a@webeden.co.uk,2006
Anne Varrow,avarrow4b@intel.com,2006
Annamaria Richter,arichter4c@sitemeter.com,1986
Martha Gartery,mgartery4d@usda.gov,1989
Patience Jeanequin,pjeanequin4e@prlog.org,2012
Yolande Flatte,yflatte4f@hhs.gov,1997
Loella Massei,lmassei4g@alibaba.com,2002
Sterne Bosward,sbosward4h@cam.ac.uk,2013
Amalle Borrill,aborrill4i@prweb.com,2007
Jennilee Bygrave,jbygrave4j@intel.com,1999
Demetre Rodson,drodson4k@cpanel.net,2007
Garland Waddicor,gwaddicor4l@google.com.br,2006
Debi Ebbitt,debbitt4m@t-online.de,2008
Michal Perkis,mperkis4n@comsenz.com,2001
Jeanie Irving,jirving4o@chicagotribune.com,2009
Yoko Pactat,ypactat4p@privacy.gov.au,1995
Penny Brown,pbrown4q@gmpg.org,2011
Etan Hartless,ehartless4r@soundcloud.com,2010
Lucas Playfair,lplayfair4s@marriott.com,1953
Angelica Ternault,aternault4t@wp.com,2011
Ophelie Doghartie,odoghartie4u@ebay.co.uk,1996
Cirstoforo Telezhkin,ctelezhkin4v@prnewswire.com,2010
Pall Franzelini,pfranzelini4w@nps.gov,1993
Nolan Nast,nnast4x@cpanel.net,1994
Sibley Oolahan,soolahan4y@nifty.com,2006
Fanni Carsberg,fcarsberg4z@canalblog.com,1981
Raven Paget,rpaget50@harvard.edu,2009
Orelee Gini,ogini51@icio.us,1999
Waylan Minnette,wminnette52@vimeo.com,1991
Mira Saker,msaker53@phpbb.com,2005
Merissa Pendrich,mpendrich54@mediafire.com,1998
Nealy Wittey,nwittey55@studiopress.com,2003
Hernando Clee,hclee56@yale.edu,2001
Corene Bartomieu,cbartomieu57@wordpress.org,2006
Crichton Marl,cmarl58@amazon.co.uk,2001
Beale Riveles,briveles59@mapquest.com,2001
Eileen Haselgrove,ehaselgrove5a@over-blog.com,2001
Nelli Ellerington,nellerington5b@nifty.com,1986
Elmer Spilsted,espilsted5c@cbslocal.com,2006
Kent Doogood,kdoogood5d@soup.io,2004
Chiquita Dabbes,cdabbes5e@taobao.com,2010
Irwin Gasken,igasken5f@tuttocitta.it,2012
Zarah Wandless,zwandless5g@tripod.com,2012
Brit MacTeague,bmacteague5h@hatena.ne.jp,2008
Farrah Willmer,fwillmer5i@angelfire.com,2006
Ardene Box,abox5j@goo.ne.jp,1997
Mandy D'Agostini,mdagostini5k@amazon.co.uk,2012
Bevon Braksper,bbraksper5l@china.com.cn,1988
Brigit Durek,bdurek5m@flavors.me,1992
Nevile Woolager,nwoolager5n@multiply.com,2004
Fonsie Stoaks,fstoaks5o@tamu.edu,2007
Erv Pundy,epundy5p@foxnews.com,2012
Merralee Crittal,mcrittal5q@usatoday.com,1995
Gideon Jamot,gjamot5r@qq.com,2001
Elli Hapgood,ehapgood5s@opensource.org,1997
Barnaby Storrock,bstorrock5t@jimdo.com,1997
Audra Hastler,ahastler5u@state.tx.us,2007
Roxy Oats,roats5v@marketwatch.com,2005
Jacquenette But,jbut5w@merriam-webster.com,2004
Margarethe Mengue,mmengue5x@vinaora.com,2007
Sim Pittel,spittel5y@angelfire.com,2009
Nataniel Fawdry,nfawdry5z@sphinn.com,1994
Ramsay Branca,rbranca60@i2i.jp,1993
Hildy Coleshill,hcoleshill61@arstechnica.com,2006
Karlan Griffey,kgriffey62@cisco.com,1997
Thibaut Achurch,tachurch63@geocities.com,2011
Judith Murray,jmurray64@nydailynews.com,1986
Dwain Baudain,dbaudain65@com.com,2010
Lexie Dunk,ldunk66@multiply.com,2001
Egbert Laven,elaven67@nba.com,2003
Ekaterina Wiltshear,ewiltshear68@seesaa.net,1992
Aksel Clineck,aclineck69@instagram.com,1993
Georgine Woolf,gwoolf6a@artisteer.com,1992
Fonz O'Scollee,foscollee6b@time.com,1996
Ruthanne Senter,rsenter6c@admin.ch,2004
Don Cronchey,dcronchey6d@disqus.com,1996
Sonia Sevin,ssevin6e@pen.io,2000
Nora Webben,nwebben6f@acquirethisname.com,1977
Sinclair Pendre,spendre6g@studiopress.com,2008
Miof mela Dunnan,mmela6h@microsoft.com,1985
Molli Atte-Stone,mattestone6i@home.pl,2008
Sherilyn Fardoe,sfardoe6j@seesaa.net,2009
Barnaby Sandilands,bsandilands6k@dyndns.org,1975
Janeczka Kirsche,jkirsche6l@umich.edu,2010
Jack Tomsa,jtomsa6m@ovh.net,2008
Aleece Caret,acaret6n@mit.edu,1996
Shermy Dackombe,sdackombe6o@networkadvertising.org,2006
Catherine Fantin,cfantin6p@howstuffworks.com,1995
Allsun Gunston,agunston6q@w3.org,2011
Linet Netherwood,lnetherwood6r@alibaba.com,2007
Sarena Broster,sbroster6s@guardian.co.uk,2012
Filberto Tick,ftick6t@answers.com,2011
Michaela McLernon,mmclernon6u@dion.ne.jp,1996
Anya Beston,abeston6v@theatlantic.com,2005
Luce Tapper,ltapper6w@nydailynews.com,1992
Dulcine Waitland,dwaitland6x@webs.com,1993
Joana Eates,jeates6y@nbcnews.com,2008
Joleen Beekmann,jbeekmann6z@cyberchimps.com,1995
Lay Dullaghan,ldullaghan70@arizona.edu,2007
Virgie Brewitt,vbrewitt71@tripod.com,1996
Annemarie Cartin,acartin72@themeforest.net,2008
Berkeley Druhan,bdruhan73@gov.uk,1995
Libby Kingaby,lkingaby74@angelfire.com,2012
Baxy Emerine,bemerine75@marriott.com,1994
Leonardo Sweatman,lsweatman76@desdev.cn,1997
Estevan Littlemore,elittlemore77@ask.com,1998
Irma Huguet,ihuguet78@wikimedia.org,1998
Magdalen Nolan,mnolan79@salon.com,2005
Silva Balmer,sbalmer7a@usgs.gov,1992
Hettie Vertigan,hvertigan7b@google.es,1992
Kienan Gibbieson,kgibbieson7c@bbb.org,1994
Lida Rosingdall,lrosingdall7d@domainmarket.com,2012
Angus Guion,aguion7e@who.int,1985
Lida Orkney,lorkney7f@discovery.com,1999
Jeramey Rowly,jrowly7g@yolasite.com,1994
Hoebart Ridgewell,hridgewell7h@spiegel.de,2000
Filippa Goodisson,fgoodisson7i@tmall.com,1987
Shandra Bodycote,sbodycote7j@tiny.cc,1990
Ina Van Zon,ivan7k@jalbum.net,2006
Elisha Belone,ebelone7l@amazon.de,2009
Rhiamon Fawthorpe,rfawthorpe7m@elegantthemes.com,2002
Thorndike Bravington,tbravington7n@tuttocitta.it,2011
Alford Weild,aweild7o@cyberchimps.com,2004
Tiler Skyram,tskyram7p@cdbaby.com,2002
Cullan Foxten,cfoxten7q@furl.net,2009
Selby Jouannot,sjouannot7r@cbc.ca,2006
Valenka Meryett,vmeryett7s@delicious.com,1985
Thorsten Pohls,tpohls7t@ocn.ne.jp,2002
Katusha Janatka,kjanatka7u@sohu.com,1996
Neille Mulran,nmulran7v@un.org,2011
Conway Hryskiewicz,chryskiewicz7w@tripadvisor.com,1993
Kitti Corson,kcorson7x@europa.eu,2012
Annetta Gannicleff,agannicleff7y@mac.com,2007
Nevile Duley,nduley7z@cyberchimps.com,2003
Claudelle Cossam,ccossam80@amazon.de,1999
Tandie Tomich,ttomich81@edublogs.org,2010
Antons Weond,aweond82@constantcontact.com,1997
Loni Hriinchenko,lhriinchenko83@163.com,2006
Debora Ollett,dollett84@tamu.edu,1992
Rabi Storrier,rstorrier85@jigsy.com,2008
Crissie Bullin,cbullin86@tripod.com,2008
Ealasaid Fearick,efearick87@google.com.br,1986
Rosemonde Whiting,rwhiting88@nationalgeographic.com,2002
Giuseppe Mead,gmead89@kickstarter.com,1992
Bent Swash,bswash8a@skyrock.com,1993
Karisa Caville,kcaville8b@live.com,2009
Rog Caselli,rcaselli8c@naver.com,2007
John Meriott,jmeriott8d@paypal.com,2006
Osborn Jaggs,ojaggs8e@smugmug.com,1997
Therese Philipsohn,tphilipsohn8f@yale.edu,2005
Alvera Ware,aware8g@globo.com,2003
Lawrence Rubury,lrubury8h@nature.com,1985
Prudi Moxson,pmoxson8i@mapquest.com,2010
Rafferty Rodbourne,rrodbourne8j@studiopress.com,2012
Christal Derry,cderry8k@eepurl.com,1992
Bram Zuenelli,bzuenelli8l@dailymotion.com,2007
Berke Robrose,brobrose8m@princeton.edu,2009
Carney Betje,cbetje8n@hugedomains.com,2005
Andonis Normant,anormant8o@earthlink.net,1994
Sharity Checketts,schecketts8p@addtoany.com,2002
Harmon Iannitti,hiannitti8q@mail.ru,2007
Ashlan Satterthwaite,asatterthwaite8r@pagesperso-orange.fr,1999
Lexis Styant,lstyant8s@theguardian.com,2010
Jabez Colhoun,jcolhoun8t@oakley.com,1992
Darby Keynd,dkeynd8u@cafepress.com,2002
Andres Jobey,ajobey8v@e-recht24.de,1997
Nikita Batt,nbatt8w@zdnet.com,2012
Winston Jaffra,wjaffra8x@e-recht24.de,1993
Ado Whyborne,awhyborne8y@berkeley.edu,1985
Margalo Fieldhouse,mfieldhouse8z@rambler.ru,2012
Giacobo Ramsey,gramsey90@vkontakte.ru,1996
Maximilian Todeo,mtodeo91@apache.org,2011
Giusto Naseby,gnaseby92@businesswire.com,2007
Peyter MacInherney,pmacinherney93@etsy.com,2000
Feodor Caslin,fcaslin94@taobao.com,1985
Dix Sargeant,dsargeant95@cbslocal.com,1994
Den Moss,dmoss96@baidu.com,2006
Bobbette Kirsche,bkirsche97@a8.net,1990
Willie Beernt,wbeernt98@simplemachines.org,1997
Leroi McNeilly,lmcneilly99@ca.gov,2010
Damiano Camerello,dcamerello9a@state.gov,1997
Ashly Greatrex,agreatrex9b@addthis.com,2007
Sibbie Haacker,shaacker9c@forbes.com,1995
Prudy Hanselman,phanselman9d@kickstarter.com,2010
Sharl Cobelli,scobelli9e@naver.com,2011
Gloriana Schach,gschach9f@cnet.com,1990
Patrice Pritty,ppritty9g@google.es,2010
Gelya Wimp,gwimp9h@lulu.com,2004
Haily Measom,hmeasom9i@a8.net,1996
Miran Gage,mgage9j@smh.com.au,2009
Oralia Selliman,oselliman9k@ca.gov,1987
Vyky Sherrum,vsherrum9l@usda.gov,2008
Sayer Fritter,sfritter9m@baidu.com,1998
Gwenny Brasseur,gbrasseur9n@archive.org,1993
Rebekkah Andraud,randraud9o@com.com,2008
Tedd Daviddi,tdaviddi9p@oaic.gov.au,1997
Vivien Follitt,vfollitt9q@csmonitor.com,2012
Alysa Swindells,aswindells9r@state.gov,1995
Julee Dicte,jdicte9s@yellowpages.com,2012
Rustin Urling,rurling9t@ning.com,2008
Ema MacCaughan,emaccaughan9u@who.int,2001
Mackenzie Walkey,mwalkey9v@g.co,1995
Brennen Reekie,breekie9w@qq.com,1995
Pernell Learmond,plearmond9x@parallels.com,2000
Ange Bold,abold9y@mapquest.com,2003
Dorree Willock,dwillock9z@slideshare.net,2001
Ware Watkinson,wwatkinsona0@wp.com,2001
Desmond Cocklin,dcocklina1@paypal.com,1997
Constantine Stratton,cstrattona2@pagesperso-orange.fr,1989
Corry Mitkin,cmitkina3@blogs.com,2002
Dale Goodbarr,dgoodbarra4@ovh.net,2007
Cosme Jahner,cjahnera5@last.fm,1997
Kath Bienvenu,kbienvenua6@miibeian.gov.cn,2008
Jacqui Dibley,jdibleya7@storify.com,1994
Xena Delacote,xdelacotea8@microsoft.com,2006
Lambert Gilfillan,lgilfillana9@fc2.com,2007
Deanne Meineken,dmeinekenaa@europa.eu,2005
Scotty Paxforde,spaxfordeab@nba.com,2010
Brockie Borkett,bborkettac@arstechnica.com,2003
Tommy Lagden,tlagdenad@cocolog-nifty.com,2009
Erny Duffett,eduffettae@unicef.org,2009
Moll M'Barron,mmbarronaf@huffingtonpost.com,1984
Spike Wreiford,swreifordag@fc2.com,1993
Hymie Leacock,hleacockah@google.de,2005
Donelle Lackie,dlackieai@about.me,2005
Thekla Lythgoe,tlythgoeaj@example.com,2012
Esme Thornewill,ethornewillak@nifty.com,1992
Cortie Zum Felde,czumal@istockphoto.com,1992
Brandy Gyurkovics,bgyurkovicsam@cocolog-nifty.com,2010
Romain Westoff,rwestoffan@plala.or.jp,1992
Ly Blevin,lblevinao@pen.io,2010
Wylie Finby,wfinbyap@princeton.edu,1997
Meg Cassley,mcassleyaq@cam.ac.uk,2000
Judith Strachan,jstrachanar@washington.edu,1998
Ursulina Lafranconi,ulafranconias@angelfire.com,1990
Albertina Rottger,arottgerat@gravatar.com,1991
Lee Burrell,lburrellau@unesco.org,2008
Shep Aird,sairdav@psu.edu,2003
Lothario Cicconetti,lcicconettiaw@ebay.com,1995
Kristine Dello,kdelloax@4shared.com,2011
Iris Aldcorn,ialdcornay@cbc.ca,2004
Annadiane Minithorpe,aminithorpeaz@mashable.com,2002
Brenden Wanderschek,bwanderschekb0@opensource.org,1999
Olimpia Pollett,opollettb1@blogtalkradio.com,2011
Renato Cavet,rcavetb2@webnode.com,2010
Foss Villiers,fvilliersb3@dailymotion.com,1993
Melinda Cheales,mchealesb4@istockphoto.com,1990
Marlyn Cleife,mcleifeb5@istockphoto.com,2001
Twyla McSaul,tmcsaulb6@usda.gov,2006
Tailor Cloutt,tclouttb7@dailymotion.com,1987
Daphna Littlefair,dlittlefairb8@eepurl.com,1990
Bob Maffezzoli,bmaffezzolib9@shop-pro.jp,2012
Merline Jobb,mjobbba@bloglovin.com,2009
Shae Arstingall,sarstingallbb@unesco.org,2005
Leeanne Ajean,lajeanbc@last.fm,2011
Brandy Thickin,bthickinbd@foxnews.com,1990
Isadora Olman,iolmanbe@dmoz.org,1986
Bartholemy Gethouse,bgethousebf@wikia.com,1993
Colene Daymont,cdaymontbg@elpais.com,2008
Milo Funcheon,mfuncheonbh@youku.com,1985
Werner Conochie,wconochiebi@dmoz.org,2004
Dell Vogeler,dvogelerbj@oaic.gov.au,2007
Jillane Corbin,jcorbinbk@blinklist.com,1987
Marinna Curdell,mcurdellbl@istockphoto.com,1986
Norina Gier,ngierbm@tamu.edu,2008
Lacie Voden,lvodenbn@mayoclinic.com,2008
Miquela Tudhope,mtudhopebo@yellowpages.com,2012
Cyndi Rudeforth,crudeforthbp@engadget.com,1999
Norry Ochterlony,nochterlonybq@harvard.edu,2011
Averil Strudwick,astrudwickbr@typepad.com,2009
Chelsea Breit,cbreitbs@gmpg.org,1992
Gustavus Pencost,gpencostbt@usatoday.com,2001
Anestassia Capper,acapperbu@tumblr.com,2002
Ashlin Angless,aanglessbv@freewebs.com,1995
Dominica Sutter,dsutterbw@seattletimes.com,1975
Ethelda Barling,ebarlingbx@moonfruit.com,2002
Bobbette Doreward,bdorewardby@pbs.org,1992
Harper Ginsie,hginsiebz@parallels.com,2002
Gun Elcocks,gelcocksc0@wix.com,1993
Parke Yerrell,pyerrellc1@wired.com,2011
Lurette Hebden ,lhebdenc2@soup.io,1997
Delmar Whitfield,dwhitfieldc3@google.it,2009
Lizzie Gain,lgainc4@tumblr.com,1992
Corbin Sebring,csebringc5@dropbox.com,1966
Phil Spofford,pspoffordc6@so-net.ne.jp,2005
Teddy Miklem,tmiklemc7@github.com,2008
Bernie Jaggs,bjaggsc8@taobao.com,2005
Jillana Choak,jchoakc9@chron.com,2010
Jo Heckle,jheckleca@example.com,2013
Myriam Draysay,mdraysaycb@ask.com,2006
Eachelle Calderhead,ecalderheadcc@sbwire.com,1998
Hamid Mahomet,hmahometcd@cbsnews.com,1987
Sallee Hewertson,shewertsonce@wikipedia.org,2000
Sherlocke Ofield,sofieldcf@cdc.gov,1999
Elie Beecraft,ebeecraftcg@amazonaws.com,2002
Denys Sollett,dsollettch@sitemeter.com,2006
Joleen Heartfield,jheartfieldci@marriott.com,2007
Debbi Papaminas,dpapaminascj@ucla.edu,2003
Felice McTeague,fmcteagueck@webeden.co.uk,2006
Edan Simnell,esimnellcl@princeton.edu,2012
Bobbi Margiotta,bmargiottacm@vkontakte.ru,1986
Marie Holdforth,mholdforthcn@google.com.hk,2005
Trefor Singers,tsingersco@icq.com,2008
Aurie Veregan,averegancp@timesonline.co.uk,1992
Herve Torricella,htorricellacq@zimbio.com,1997
Ethel Kasperski,ekasperskicr@scribd.com,2010
Zorana Rust,zrustcs@uol.com.br,2006
Alethea Stanman,astanmanct@xinhuanet.com,1999
Gav Ventham,gventhamcu@istockphoto.com,1998
Elsworth Wettern,ewetterncv@house.gov,1997
Stearne Rookledge,srookledgecw@un.org,2007
Jana Olsen,jolsencx@wunderground.com,1998
Tim Jakubski,tjakubskicy@smh.com.au,1984
Dottie Shuttle,dshuttlecz@is.gd,2007
Morty Buswell,mbuswelld0@purevolume.com,1996
Micheal Rowan,mrowand1@aol.com,1996
Carlo Middell,cmiddelld2@merriam-webster.com,2009
Bertie Northedge,bnorthedged3@ameblo.jp,2008
Zolly Whitbread,zwhitbreadd4@bravesites.com,2001
Desirae Curran,dcurrand5@umn.edu,1987
Cristine MacCrosson,cmaccrossond6@goo.ne.jp,1992
Tam Oxberry,toxberryd7@unc.edu,1996
Wheeler Hirtz,whirtzd8@hexun.com,1998
Rhianna Nend,rnendd9@meetup.com,1994
Aland Klimov,aklimovda@senate.gov,2009
Abrahan Lermit,alermitdb@blogspot.com,2011
Wendi Sherrell,wsherrelldc@opensource.org,2000
Felicity McGillreich,fmcgillreichdd@w3.org,1985
Isaak Fraczak,ifraczakde@e-recht24.de,1994
Delbert Tolchar,dtolchardf@auda.org.au,2010
Hersch Tevelov,htevelovdg@cafepress.com,2005
Obadiah Prater,opraterdh@gov.uk,2006
Margette Tuppeny,mtuppenydi@blogs.com,2010
Aidan Feltoe,afeltoedj@e-recht24.de,1990
Hunter Murrill,hmurrilldk@rediff.com,2009
Scarlet Aizic,saizicdl@over-blog.com,1997
Rex Feuell,rfeuelldm@goo.gl,2003
Gabbey Yanuk,gyanukdn@google.co.jp,1992
Nichol Butland,nbutlanddo@a8.net,2006
Rosmunda Creasy,rcreasydp@unblog.fr,2000
Rosaleen O'Mannion,romanniondq@geocities.jp,2002
Pippo Robathon,probathondr@answers.com,2009
Daria Monaghan,dmonaghands@amazonaws.com,2001
Evyn Lacroux,elacrouxdt@nba.com,2007
Theresa Lantaff,tlantaffdu@360.cn,1990
Dorice Pietrowski,dpietrowskidv@independent.co.uk,1992
Martina Berdale,mberdaledw@usatoday.com,2010
Chip Codlin,ccodlindx@theglobeandmail.com,1992
Ginni Butrimovich,gbutrimovichdy@pinterest.com,2012
Annadiana Anthonsen,aanthonsendz@cbsnews.com,1998
Leon Kapelhoff,lkapelhoffe0@homestead.com,2010
Dario Bouette,dbouettee1@hp.com,1994
Beatrice McEvon,bmcevone2@redcross.org,2006
Bob O'Cannan,bocannane3@time.com,1989
Charity Fullicks,cfullickse4@seattletimes.com,1993
Worthington Turle,wturlee5@de.vu,2006
Normy Freckelton,nfreckeltone6@smugmug.com,2008
Derwin Whittock,dwhittocke7@howstuffworks.com,2000
Marleah Mallabar,mmallabare8@geocities.com,2006
Revkah Osban,rosbane9@sina.com.cn,2011
Maurizio Flade,mfladeea@hexun.com,2002
Carrie Hallock,challockeb@weather.com,2000
Woodman Attwoul,wattwoulec@vk.com,1993
Samuel Seagrave,sseagraveed@mysql.com,2010
Chariot Fisbburne,cfisbburneee@mapquest.com,1996
Mureil Macak,mmacakef@google.co.jp,2004
Giusto Mungin,gmungineg@webeden.co.uk,2004
Alexei Dykes,adykeseh@earthlink.net,2005
Cordey Bertelsen,cbertelsenei@wisc.edu,1993
Berti Jennins,bjenninsej@mapquest.com,1994
Maisie Lazenbury,mlazenburyek@unicef.org,2006
Ruprecht Lebbon,rlebbonel@meetup.com,2000
Dulcy Yankeev,dyankeevem@blinklist.com,2006
Durward Seear,dseearen@storify.com,1986
Bernardine Garrod,bgarrodeo@salon.com,1998
Glad Gethouse,ggethouseep@wikimedia.org,2000
Desmond Drummond,ddrummondeq@zimbio.com,2000
Bennett Baynham,bbaynhamer@kickstarter.com,2003
Caddric Lundy,clundyes@ca.gov,1993
Aimil Worthington,aworthingtonet@sina.com.cn,2001
Nichole Camelli,ncamellieu@squarespace.com,1986
Edd Doring,edoringev@goo.gl,1999
Godwin Casarini,gcasariniew@weibo.com,2002
Urbanus Flatman,uflatmanex@intel.com,1993
Marsha Sandbatch,msandbatchey@soundcloud.com,2004
Maridel Ambrosini,mambrosiniez@boston.com,1995
Tamera Mariette,tmariettef0@yahoo.co.jp,2002
Nonah Sanger,nsangerf1@twitpic.com,1992
Marion Thorburn,mthorburnf2@ibm.com,1999
Cobby Chewter,cchewterf3@xinhuanet.com,1997
Teodoor Bleddon,tbleddonf4@mapy.cz,1998
Rainer Jacobsohn,rjacobsohnf5@flickr.com,2005
Harriot Absolom,habsolomf6@theguardian.com,2011
Shurlocke Salkeld,ssalkeldf7@plala.or.jp,1986
Thurston Heinsen,theinsenf8@goo.gl,1992
Douglas Flott,dflottf9@abc.net.au,2009
Allister Osorio,aosoriofa@123-reg.co.uk,2010
Jandy Kleisel,jkleiselfb@shutterfly.com,1996
Sharona Baddam,sbaddamfc@unicef.org,2005
Randall Blagdon,rblagdonfd@microsoft.com,2005
Nanette Gemson,ngemsonfe@google.com.au,1996
Gwenore Bergin,gberginff@foxnews.com,2005
Inesita Whartonby,iwhartonbyfg@archive.org,2012
Frederique Castellani,fcastellanifh@simplemachines.org,1993
Steffane McKeaveney,smckeaveneyfi@independent.co.uk,1992
Napoleon Deely,ndeelyfj@discuz.net,2013
Sissie Naldrett,snaldrettfk@wp.com,1969
Christel Correa,ccorreafl@java.com,2009
Jude Colbrun,jcolbrunfm@odnoklassniki.ru,2009
Heindrick Speck,hspeckfn@behance.net,1992
Charil Wealleans,cwealleansfo@bravesites.com,1994
Brigitta Stredder,bstredderfp@stanford.edu,2009
Basil Vellender,bvellenderfq@dmoz.org,1997
Malorie Scawton,mscawtonfr@jalbum.net,2004
Mandel Pimblott,mpimblottfs@themeforest.net,2004
Fredrick Bloxsum,fbloxsumft@jigsy.com,2000
Hilary Jaxon,hjaxonfu@va.gov,2009
Frederigo Feveryear,ffeveryearfv@nymag.com,1987
Roderich Dubois,rduboisfw@hud.gov,2012
Vania Boole,vboolefx@home.pl,1991
Peter Bromidge,pbromidgefy@oracle.com,2002
Marigold Cleveland,mclevelandfz@so-net.ne.jp,2010
Stinky Ferrige,sferrigeg0@google.co.uk,1994
Merle Manie,mmanieg1@huffingtonpost.com,1994
Dorise Gillott,dgillottg2@earthlink.net,1998
Vanya Roggerone,vroggeroneg3@xrea.com,1994
Ethe Bowkett,ebowkettg4@va.gov,2002
Vicky Hoogendorp,vhoogendorpg5@w3.org,1989
Page Normanvill,pnormanvillg6@biglobe.ne.jp,2003
Kendall Entres,kentresg7@usa.gov,1996
Hynda Taffs,htaffsg8@rambler.ru,2008
Bert Prium,bpriumg9@liveinternet.ru,1992
Reider Slack,rslackga@mac.com,1997
Alasdair Brecon,abrecongb@surveymonkey.com,2007
Brewster Rozenzweig,brozenzweiggc@exblog.jp,2012
Virgina Cudbird,vcudbirdgd@wired.com,2010
Adel McIlriach,amcilriachge@imdb.com,2000
Pieter Lismore,plismoregf@go.com,1996
Saundra Vasilic,svasilicgg@chronoengine.com,2010
Dal Willshire,dwillshiregh@jalbum.net,1996
Eugenia Beagles,ebeaglesgi@cdbaby.com,2001
Gwyneth Nielson,gnielsongj@histats.com,2005
Levin Sheard,lsheardgk@networksolutions.com,2013
Mireielle McKeand,mmckeandgl@is.gd,2004
Alix Armistead,aarmisteadgm@skyrock.com,1994
Ariel Rambaut,arambautgn@phpbb.com,2012
Murial Allery,mallerygo@qq.com,1994
Kleon Priestley,kpriestleygp@unblog.fr,1992
Luciana Borres,lborresgq@cafepress.com,1998
Benjamen Francom,bfrancomgr@theatlantic.com,2012
Amalie Wellum,awellumgs@livejournal.com,1994
Cher Cowerd,ccowerdgt@purevolume.com,2003
Tommy Liddiard,tliddiardgu@dagondesign.com,2003
Charil Perri,cperrigv@dion.ne.jp,1997
Lindsy Cocks,lcocksgw@techcrunch.com,1997
Loy Rainard,lrainardgx@networkadvertising.org,2008
Verene Birrane,vbirranegy@weather.com,1989
Shina Carnegie,scarnegiegz@freewebs.com,1993
Valene Freckleton,vfreckletonh0@wikia.com,1998
Roana Posen,rposenh1@marketwatch.com,2007
Brenda Huegett,bhuegetth2@deliciousdays.com,2010
Guilbert Abade,gabadeh3@uiuc.edu,2012
Davidde Jozefczak,djozefczakh4@theguardian.com,1996
Duff Stouther,dstoutherh5@nasa.gov,1985
Mordy Wilford,mwilfordh6@mac.com,1997
Livia Demeter,ldemeterh7@biblegateway.com,2012
Nathanil Barnwill,nbarnwillh8@dyndns.org,1994
Kesley Blacksland,kblackslandh9@tripod.com,1987
Jillayne Timoney,jtimoneyha@google.com.hk,2008
Rosina Etherson,rethersonhb@nymag.com,2008
Tobiah Paddon,tpaddonhc@cdc.gov,2002
Liuka Bazire,lbazirehd@goodreads.com,2001
Emmalee Cordingley,ecordingleyhe@tmall.com,2003
Karoly Rusling,kruslinghf@wix.com,2003
Bryant Dudden,bduddenhg@posterous.com,2005
Elita Barthrop,ebarthrophh@walmart.com,1985
Loleta Wolseley,lwolseleyhi@google.com.au,1993
Bordy Chislett,bchisletthj@flavors.me,2007
Astrid Matuska,amatuskahk@mozilla.com,1994
Kayla Bond,kbondhl@kickstarter.com,1987
Kale Petrussi,kpetrussihm@forbes.com,2009
Cindelyn Gamwell,cgamwellhn@wp.com,2011
Horst Killwick,hkillwickho@gravatar.com,2011
Sandor Jelly,sjellyhp@opensource.org,1984
Vonnie Diboll,vdibollhq@reddit.com,2005
Jacinta Hellsdon,jhellsdonhr@google.pl,1989
Angele Sawnwy,asawnwyhs@europa.eu,2010
Rosita Stealfox,rstealfoxht@youtube.com,2005
Selig Haliburton,shaliburtonhu@last.fm,2011
Winslow Routh,wrouthhv@edublogs.org,1996
Tana Wayper,twayperhw@arizona.edu,1987
Filbert Shirrell,fshirrellhx@youtu.be,2003
Carlotta Bruckstein,cbrucksteinhy@umn.edu,2003
Emilie Alebrooke,ealebrookehz@arstechnica.com,1986
Drucy Rowberry,drowberryi0@gizmodo.com,1985
Trudey Ben-Aharon,tbenaharoni1@cbslocal.com,2003
Ros Antrack,rantracki2@cdbaby.com,1991
Tatum Denford,tdenfordi3@webeden.co.uk,2007
Lina O'Scollee,loscolleei4@w3.org,2009
Noelyn Bucher,nbucheri5@weibo.com,2004
Ambrose Wing,awingi6@goodreads.com,2000
Jan Laroze,jlarozei7@cbslocal.com,2009
Domini Elstob,delstobi8@yahoo.co.jp,1999
Rolland Cejka,rcejkai9@reuters.com,1999
Dael Biddulph,dbiddulphia@behance.net,2005
Karin Georgiades,kgeorgiadesib@amazon.co.uk,2002
Mirelle Luetchford,mluetchfordic@fda.gov,1994
Jasmina Terrington,jterringtonid@unicef.org,1992
Giraldo Andresser,gandresserie@rambler.ru,2010
Nero Heers,nheersif@dailymail.co.uk,1994
Jorrie Tarrier,jtarrierig@posterous.com,2007
Mickey Pilkinton,mpilkintonih@google.de,2008
Luz Stedell,lstedellii@state.gov,2008
Carmon Doddrell,cdoddrellij@businessinsider.com,1995
Gram Mobius,gmobiusik@howstuffworks.com,2003
Elicia Nott,enottil@ycombinator.com,1996
Lucien Showen,lshowenim@ehow.com,1973
Ermentrude Pauletto,epaulettoin@latimes.com,1994
Joaquin Pike,jpikeio@vistaprint.com,1992
Grethel Yanson,gyansonip@ucsd.edu,2012
Elias Dionisio,edionisioiq@blogtalkradio.com,2002
Louisa Hughill,lhughillir@businessinsider.com,2009
Angie Showell,ashowellis@dropbox.com,2009
Shelbi Pragnell,spragnellit@intel.com,1993
Libby Shilling,lshillingiu@kickstarter.com,1989
Zonda Tevlin,ztevliniv@sciencedirect.com,1999
Maitilde Matyatin,mmatyatiniw@reference.com,2002
Zaria Clewley,zclewleyix@barnesandnoble.com,1985
Erica Jaqueme,ejaquemeiy@amazon.de,2004
Peta Benedict,pbenedictiz@cisco.com,2012
Meriel Braxay,mbraxayj0@whitehouse.gov,2008
Winona Steynor,wsteynorj1@printfriendly.com,1966
Sileas Borrington,sborringtonj2@blogs.com,1992
Linda Durbyn,ldurbynj3@yahoo.com,2008
Hilario Nevison,hnevisonj4@mozilla.com,1994
Queenie Schukert,qschukertj5@quantcast.com,2003
Trula Barthel,tbarthelj6@soundcloud.com,2004
Dawna Woodsford,dwoodsfordj7@hexun.com,1991
Jeni Lunny,jlunnyj8@moonfruit.com,1997
Korry Dunrige,kdunrigej9@weibo.com,2004
Darb Kenningham,dkenninghamja@tmall.com,1999
Hulda Saunier,hsaunierjb@mayoclinic.com,1998
Haily Gascone,hgasconejc@nature.com,1991
Griz Bruin,gbruinjd@oakley.com,1995
Farris Scemp,fscempje@webmd.com,1988
Egan Stovine,estovinejf@4shared.com,2003
Daren Date,ddatejg@vimeo.com,2001
Kathe Whorlow,kwhorlowjh@fema.gov,1984
Suzanna Etheridge,setheridgeji@barnesandnoble.com,2013
Zulema Besse,zbessejj@istockphoto.com,1995
Jill Orrum,jorrumjk@irs.gov,2001
Harris Sneyd,hsneydjl@rakuten.co.jp,2012
Vonny Gibling,vgiblingjm@patch.com,2008
Sigismond Cristofor,scristoforjn@vkontakte.ru,2012
Patsy Wyndham,pwyndhamjo@illinois.edu,2005
Ichabod Alsina,ialsinajp@woothemes.com,1992
Parnell Stratten,pstrattenjq@blogtalkradio.com,2011
Kurt Achromov,kachromovjr@facebook.com,2007
Sydney Laying,slayingjs@nih.gov,2008
Almira Towersey,atowerseyjt@webmd.com,1986
Shanta Powell,spowellju@indiatimes.com,1994
Betsy Schettini,bschettinijv@techcrunch.com,1996
Goldie Rennels,grennelsjw@virginia.edu,2002
Jacenta Dutnall,jdutnalljx@guardian.co.uk,1993
Taffy Zamorrano,tzamorranojy@imdb.com,2005
Lurline Colvill,lcolvilljz@hhs.gov,2001
Sancho Dinsey,sdinseyk0@technorati.com,1987
Rickie Berndtsson,rberndtssonk1@prnewswire.com,1997
Berny Coupe,bcoupek2@soup.io,2003
Hervey Dockree,hdockreek3@mapy.cz,2006
Jamison Toffalo,jtoffalok4@about.me,2006
Kip Trippick,ktrippickk5@slate.com,2001
Netty Guenther,nguentherk6@aol.com,1995
Aindrea Haddleton,ahaddletonk7@amazon.co.uk,1997
Iorgo Hedgeley,ihedgeleyk8@tinypic.com,2010
Bunnie Martineau,bmartineauk9@taobao.com,2010
Horten Lagen,hlagenka@blogs.com,2002
Tawsha Kettow,tkettowkb@craigslist.org,1992
Korney Eshelby,keshelbykc@barnesandnoble.com,2010
Ivan Rahl,irahlkd@gnu.org,1995
Westbrook Auden,waudenke@un.org,1970
Cordell Pierrepont,cpierrepontkf@google.fr,2008
Nicola Fike,nfikekg@wisc.edu,2008
Brandon Hungerford,bhungerfordkh@liveinternet.ru,1990
Maximo Clines,mclineski@edublogs.org,1992
Sula Ellard,sellardkj@yelp.com,2009
Joe Langsdon,jlangsdonkk@ocn.ne.jp,1992
Hamlen Pasque,hpasquekl@nps.gov,1992
Janetta Barwis,jbarwiskm@vimeo.com,2006
Hattie Blinder,hblinderkn@springer.com,1986
Zarah Edkins,zedkinsko@g.co,1993
Jenelle Docherty,jdochertykp@cnet.com,2009
Retha Kordova,rkordovakq@exblog.jp,2004
Billye Hamby,bhambykr@bizjournals.com,2008
Madella Pluthero,mplutheroks@mapy.cz,1995
Sharline Jiru,sjirukt@eventbrite.com,2010
Rudie Alekhov,ralekhovku@yahoo.co.jp,2008
Alisun Jeannot,ajeannotkv@nasa.gov,2004
Jacob Gilbee,jgilbeekw@google.cn,1997
Nick MacGinley,nmacginleykx@people.com.cn,1987
Chelsea Spiers,cspiersky@census.gov,2004
Aristotle Dampier,adampierkz@wp.com,1994
Raimondo Macauley,rmacauleyl0@alexa.com,1996
Clifford Withnall,cwithnalll1@boston.com,2009
Renault Keady,rkeadyl2@ycombinator.com,1997
Thor Ivashov,tivashovl3@thetimes.co.uk,1999
Bordie Whitemarsh,bwhitemarshl4@goo.gl,2005
Avictor Sigsworth,asigsworthl5@constantcontact.com,2001
Ambur Guly,agulyl6@google.de,1997
Drona Anelay,danelayl7@un.org,2002
Sascha Thaller,sthallerl8@cbsnews.com,2011
Christa Oxbury,coxburyl9@nasa.gov,2007
Devlin Fautly,dfautlyla@washingtonpost.com,1992
Matthias Waplinton,mwaplintonlb@booking.com,1993
Jervis Bridell,jbridelllc@dailymotion.com,2010
Alejoa MacDiarmond,amacdiarmondld@theguardian.com,1999
Vance Reek,vreekle@wikia.com,1985
Tom Lates,tlateslf@nbcnews.com,2008
Frannie Macek,fmaceklg@whitehouse.gov,2009
Rudolph Grigaut,rgrigautlh@nasa.gov,2002
Elvera Lagadu,elagaduli@redcross.org,1992
Joyous Garci,jgarcilj@bbb.org,1998
Saunders St. Leger,sstlk@tmall.com,2003
Debor Bollen,dbollenll@ocn.ne.jp,1996
Terrijo Pressland,tpresslandlm@nyu.edu,2007
Garth Harper,gharperln@chronoengine.com,1992
Bobbette Semor,bsemorlo@msu.edu,1998
Nicky Kagan,nkaganlp@oakley.com,1997
Roma Pablo,rpablolq@plala.or.jp,2005
Jessa Moreside,jmoresidelr@google.com.br,2003
Wren Uccello,wuccellols@nbcnews.com,1995
Fairfax Rentoll,frentolllt@hud.gov,2003
Cristie Doge,cdogelu@exblog.jp,2000
Welch Patsall,wpatsalllv@businessweek.com,2011
Antonin Grocock,agrococklw@meetup.com,1968
Lyn Arnold,larnoldlx@home.pl,2003
Stanly Rosenbarg,srosenbargly@blinklist.com,2006
Les Petts,lpettslz@msn.com,1996
Jayme Eustanch,jeustanchm0@creativecommons.org,2004
Yard Brussell,ybrussellm1@meetup.com,2009
Justino Duckhouse,jduckhousem2@nbcnews.com,2010
Daron Davidov,ddavidovm3@nba.com,1997
Panchito Jankowski,pjankowskim4@ibm.com,2005
Jorie Jacobsohn,jjacobsohnm5@addtoany.com,2004
Peggie Ivain,pivainm6@squarespace.com,2012
Sherry Vell,svellm7@usatoday.com,2006
Cross Tesyro,ctesyrom8@guardian.co.uk,2012
Egbert Turley,eturleym9@nydailynews.com,2011
Lolly Scrimshire,lscrimshirema@about.me,1993
Avrom Bett,abettmb@tmall.com,1984
Harriet Freyn,hfreynmc@usatoday.com,2002
Donnie Vanichkov,dvanichkovmd@sourceforge.net,1997
Dusty Steddall,dsteddallme@digg.com,2010
Amabelle Guiraud,aguiraudmf@senate.gov,1997
Larissa Chinnery,lchinnerymg@accuweather.com,1995
Sybille Smouten,ssmoutenmh@cornell.edu,2012
Tabbie Lisett,tlisettmi@ning.com,2005
Rianon Budgeon,rbudgeonmj@gnu.org,1995
Harrison Danson,hdansonmk@businesswire.com,1990
Marylinda Burril,mburrilml@pinterest.com,2001
Zonnya Giberd,zgiberdmm@shop-pro.jp,1998
Gerek Jedrzejewski,gjedrzejewskimn@mapy.cz,2011
Casey Izaks,cizaksmo@ifeng.com,2009
Gannon Leve,glevemp@scientificamerican.com,2012
Claus Schulkins,cschulkinsmq@issuu.com,1985
Roze Cayford,rcayfordmr@rediff.com,1960
Linnea Daville,ldavillems@weebly.com,2006
Lilyan Jaffa,ljaffamt@zimbio.com,2001
Tildi Loverock,tloverockmu@quantcast.com,2002
Onfroi Scatchar,oscatcharmv@wunderground.com,1999
Corny Yearnes,cyearnesmw@biblegateway.com,1999
Blinnie Tribell,btribellmx@elpais.com,2011
Vergil Ruckert,vruckertmy@washington.edu,2011
Evelina Yanukhin,eyanukhinmz@umn.edu,2003
Lexie Tefft,ltefftn0@surveymonkey.com,1998
Ethelind Aujouanet,eaujouanetn1@ustream.tv,1996
Venus Seabrooke,vseabrooken2@etsy.com,1992
Fifine Breedy,fbreedyn3@utexas.edu,1992
Orlan Kaspar,okasparn4@foxnews.com,2009
Alfi Stoad,astoadn5@eventbrite.com,1993
Micheil Sked,mskedn6@bravesites.com,2009
Rafael Hynard,rhynardn7@hubpages.com,1994
Blair Ghidelli,bghidellin8@abc.net.au,2009
Nehemiah McCreery,nmccreeryn9@amazonaws.com,2009
Jaquelin De Vere,jdena@java.com,2002
Bryn Truscott,btruscottnb@slate.com,2005
Malorie Alvaro,malvaronc@narod.ru,2009
Flori Kermath,fkermathnd@bloomberg.com,2007
Audy Stonard,astonardne@tripod.com,2012
Jackson Bruckstein,jbrucksteinnf@statcounter.com,1991
Brannon De Rechter,bdeng@reuters.com,1998
Harold MacAlpin,hmacalpinnh@statcounter.com,1993
Emmett Colhoun,ecolhounni@nifty.com,1995
Georgianna Stothart,gstothartnj@businesswire.com,2000
Isadora Bettaney,ibettaneynk@google.es,1990
Gorden Jamieson,gjamiesonnl@posterous.com,1997
Roda Kenrat,rkenratnm@networkadvertising.org,2006
Tess Cabrara,tcabrarann@meetup.com,1998
Laurent Chace,lchaceno@slashdot.org,2011
Daisie Cota,dcotanp@cnet.com,2001
Tris Stroder,tstrodernq@paginegialle.it,2012
Norman Iggalden,niggaldennr@sogou.com,1999
Si Sheircliffe,ssheircliffens@cloudflare.com,2002
Lance Benediktovich,lbenediktovichnt@parallels.com,2000
Angil Binny,abinnynu@godaddy.com,2003
Berke Dalgleish,bdalgleishnv@comcast.net,2005
Kandace Sango,ksangonw@aol.com,1998
Clarence Ciccoloi,cciccoloinx@opera.com,1992
Amby Kiss,akissny@opera.com,1992
Nessi Mabbitt,nmabbittnz@mlb.com,2002
Violette Hassell,vhassello0@usa.gov,1999
Lira Elster,lelstero1@livejournal.com,1999
Diahann Hustings,dhustingso2@archive.org,1996
Concettina Elstow,celstowo3@comcast.net,2002
Carla Buckmaster,cbuckmastero4@illinois.edu,1994
Cristal Mourton,cmourtono5@answers.com,1994
Angil Rattrie,arattrieo6@ycombinator.com,2003
Mariette Murton,mmurtono7@tinypic.com,2009
Forrester Ortzen,fortzeno8@cpanel.net,2004
Courtnay Stedell,cstedello9@vkontakte.ru,2009
Adamo Duinbleton,aduinbletonoa@reverbnation.com,2006
Sheffy Elesander,selesanderob@webeden.co.uk,2001
Lacey Crosham,lcroshamoc@cloudflare.com,2010
Veda Huskisson,vhuskissonod@wufoo.com,1990
Stevena Cordall,scordalloe@reverbnation.com,2012
Edee Rainbow,erainbowof@webmd.com,1985
Monah Hellin,mhellinog@indiatimes.com,2006
Nisse Mingay,nmingayoh@google.nl,2000
Melisande Milton,mmiltonoi@altervista.org,1987
Luisa Dilkes,ldilkesoj@plala.or.jp,2002
Maximo Plott,mplottok@pcworld.com,2006
Almeta Convery,aconveryol@berkeley.edu,2006
Chucho Toothill,ctoothillom@mail.ru,2005
Persis Wrighton,pwrightonon@flavors.me,2007
Roselle Gent,rgentoo@discovery.com,2008
Peyter Roy,proyop@forbes.com,2011
Lila Truesdale,ltruesdaleoq@house.gov,2012
Harris Petris,hpetrisor@who.int,1996
Stephanie Dewitt,sdewittos@msu.edu,1984
Haily Fayers,hfayersot@hhs.gov,2006
Carey Brezlaw,cbrezlawou@fastcompany.com,1992
Ingemar Baniard,ibaniardov@gnu.org,2002
Menard Haymes,mhaymesow@free.fr,2007
Freddie Este,festeox@vkontakte.ru,1999
Freddi Brookes,fbrookesoy@dropbox.com,1991
Wolfy Likely,wlikelyoz@home.pl,2004
Henrieta Howgego,hhowgegop0@prnewswire.com,1996
Hersch Prinne,hprinnep1@zdnet.com,1997
Portie Beart,pbeartp2@netlog.com,2006
Paddie Nund,pnundp3@xinhuanet.com,1986
Terrence Lacheze,tlachezep4@themeforest.net,2010
Trixie le Keux,tlep5@wufoo.com,2003
Elinore Lamberti,elambertip6@macromedia.com,2002
Nyssa Mangenet,nmangenetp7@dmoz.org,1995
Rahal Mead,rmeadp8@europa.eu,2006
Heidi Mapes,hmapesp9@squidoo.com,1997
Edithe Caswill,ecaswillpa@apache.org,2008
Rosaleen Ashington,rashingtonpb@cnet.com,2010
Jeanne Gooly,jgoolypc@economist.com,1987
Kissiah Smythin,ksmythinpd@foxnews.com,1984
Onida Thunderchief,othunderchiefpe@issuu.com,2006
Nikola Bilt,nbiltpf@bing.com,1997
Lorna Cottage,lcottagepg@stumbleupon.com,2006
Kalvin Dolman,kdolmanph@storify.com,2003
Ortensia Stirrip,ostirrippi@ucla.edu,1994
Bess Fessby,bfessbypj@flavors.me,2006
Lyman Thews,lthewspk@state.tx.us,2011
Chrissie Astle,castlepl@japanpost.jp,2011
Hoyt Burnside,hburnsidepm@loc.gov,1995
Katrina Eynon,keynonpn@ask.com,1993
Hilton Simonian,hsimonianpo@google.com.br,2011
Ericha Ottee,eotteepp@usda.gov,2001
Cly Rabat,crabatpq@sun.com,1993
Helyn Pilkinton,hpilkintonpr@ovh.net,2007
Celka Woodyear,cwoodyearps@slate.com,2007
Toby Bielfeldt,tbielfeldtpt@constantcontact.com,2008
Florrie Wozencroft,fwozencroftpu@accuweather.com,2006
Devondra Capinetti,dcapinettipv@elegantthemes.com,2012
Roseanne Ballin,rballinpw@weebly.com,1993
Marys Guitte,mguittepx@indiegogo.com,2001
Basilius Broxholme,bbroxholmepy@comsenz.com,1999
Wyndham Linde,wlindepz@wordpress.com,2009
Raimundo Mapplebeck,rmapplebeckq0@yale.edu,1998
Sigfrid Peaseman,speasemanq1@typepad.com,1990
Erik Hathaway,ehathawayq2@squarespace.com,2011
Linet Juza,ljuzaq3@hostgator.com,2004
Brendan Jaffrey,bjaffreyq4@etsy.com,1994
Pierson Goolden,pgooldenq5@hostgator.com,1988
Marjory Dyet,mdyetq6@over-blog.com,2005
Benjy Kubal,bkubalq7@t-online.de,1998
Rustie MacGuffie,rmacguffieq8@freewebs.com,1965
Sebastien Jerratsch,sjerratschq9@theguardian.com,2009
Ada Ashburner,aashburnerqa@linkedin.com,2011
Haley Skechley,hskechleyqb@nature.com,2011
Codie Billiard,cbilliardqc@globo.com,2008
Mayer Poynor,mpoynorqd@addtoany.com,2012
Arlin Geeson,ageesonqe@apple.com,1995
Judon Lintall,jlintallqf@linkedin.com,1993
Melvyn Tesseyman,mtesseymanqg@ted.com,1997
Bibby Gaskarth,bgaskarthqh@clickbank.net,2001
Forrest Ewdale,fewdaleqi@eepurl.com,1989
Elsi Lemonby,elemonbyqj@jalbum.net,2005
Keene Carvilla,kcarvillaqk@google.es,1985
Griffie Menendes,gmenendesql@reddit.com,2006
Mellicent Tappor,mtapporqm@hp.com,2006
Gris Reeman,greemanqn@bloomberg.com,2005
Rollins Sevior,rseviorqo@php.net,2006
Trix Elliker,tellikerqp@ibm.com,1990
Xylina Kibbe,xkibbeqq@com.com,2009
Michal Daynter,mdaynterqr@gizmodo.com,1995
Trev Monshall,tmonshallqs@liveinternet.ru,1999
Frederich Conochie,fconochieqt@exblog.jp,2001
Gertrud Fearnsides,gfearnsidesqu@wired.com,2010
Raquel Tiuit,rtiuitqv@mashable.com,2006
Red Hopfer,rhopferqw@tinypic.com,1979
Modesta Blonfield,mblonfieldqx@alexa.com,2003
Scot Costelloe,scostelloeqy@blogs.com,2001
Tarrah Joisce,tjoisceqz@alexa.com,2007
Beatrisa Nobes,bnobesr0@etsy.com,2006
Tully Burnard,tburnardr1@tripadvisor.com,2011
Chryste Licas,clicasr2@free.fr,1996
Boone Dikels,bdikelsr3@barnesandnoble.com,2004
Arlen Edward,aedwardr4@scientificamerican.com,2008
Jolee Klesse,jklesser5@google.co.uk,2003
Malva Mateus,mmateusr6@cbsnews.com,2009
Levin Sponder,lsponderr7@mapquest.com,2000
Kathie Chatell,kchatellr8@youtube.com,2010
Alison Elgey,aelgeyr9@imdb.com,1989
Sophia Butters,sbuttersra@timesonline.co.uk,2013
Myrtie Charte,mcharterb@dedecms.com,1984
Theodoric Mishow,tmishowrc@cnn.com,2013
Thomasin Aleevy,taleevyrd@shutterfly.com,2005
Marielle Dewire,mdewirere@spiegel.de,2010
Harmony Lyte,hlyterf@godaddy.com,2006
Wilmette Harford,wharfordrg@symantec.com,2003
Harriette Mennear,hmennearrh@google.fr,1993
Danna Belitz,dbelitzri@aboutads.info,2006
Audie Bareford,abarefordrj@ftc.gov,2002
Vinita Bessent,vbessentrk@xing.com,1999
Cammi Houseago,chouseagorl@omniture.com,1992
Nickie Aleksankov,naleksankovrm@tiny.cc,2008
Cammy Scogin,cscoginrn@sbwire.com,2012
Liane Naseby,lnasebyro@telegraph.co.uk,1994
Artemis Grunnell,agrunnellrp@vk.com,2000
Meriel Slocomb,mslocombrq@quantcast.com,1993
Teddie Foucher,tfoucherrr@is.gd,1994
Godiva Trewinnard,gtrewinnard0@wikipedia.org,2009
Imojean Pomeroy,ipomeroy1@wufoo.com,2003
Arther Varran,avarran2@discuz.net,1993
Farand Treker,ftreker3@uol.com.br,1984
Philomena Beidebeke,pbeidebeke4@usgs.gov,1993
Mayer Baseley,mbaseley5@usgs.gov,2008
Dru Refford,drefford6@youtu.be,1993
Kari Kellen,kkellen7@123-reg.co.uk,2007
Matthus Bigglestone,mbigglestone8@shutterfly.com,1988
Evangeline Fatharly,efatharly9@ovh.net,2008
Ingeberg Ledington,iledingtona@arizona.edu,2008
Ash Mutter,amutterb@army.mil,2007
Ingeborg Janks,ijanksc@taobao.com,2006
Klarika Coughan,kcoughand@blogger.com,1989
Adolf Lemary,alemarye@amazon.co.uk,1996
Hewitt Tysack,htysackf@w3.org,2010
Keene Loalday,kloaldayg@about.com,2008
Sibbie Langton,slangtonh@bluehost.com,1991
Dilly Vidler,dvidleri@multiply.com,2003
Emmott Ubee,eubeej@businessweek.com,2000
Garald Eagling,geaglingk@digg.com,1999
Arlen Hyndman,ahyndmanl@weebly.com,2003
Gracia Gun,ggunm@merriam-webster.com,2004
Kenon Wordesworth,kwordesworthn@ebay.co.uk,2007
Scarface Wincer,swincero@prnewswire.com,2001
Baily Troyes,btroyesp@istockphoto.com,2001
Nadean Pucker,npuckerq@histats.com,1992
Curtice Jukubczak,cjukubczakr@time.com,2001
Cornelius O'Corrin,cocorrins@domainmarket.com,1996
Britt Seabert,bseabertt@time.com,2013
Sigvard Leven,slevenu@oracle.com,2011
Richart Stut,rstutv@google.pl,1995
Jermain Whellams,jwhellamsw@nps.gov,1979
Bastian Westcarr,bwestcarrx@spotify.com,1999
Osborne Ryce,orycey@nasa.gov,1988
Nollie Occleshaw,noccleshawz@patch.com,1997
Angelico O'Henehan,aohenehan10@taobao.com,2005
Alayne Otridge,aotridge11@blog.com,1997
Emery Slowan,eslowan12@cnbc.com,2001
Ibbie Lewton,ilewton13@csmonitor.com,1986
Massimo McIntee,mmcintee14@cocolog-nifty.com,1993
Reuven Watson-Brown,rwatsonbrown15@merriam-webster.com,2012
Brigid Sclater,bsclater16@telegraph.co.uk,1997
Levon Kahn,lkahn17@wikimedia.org,2004
Dale Miko,dmiko18@wsj.com,1984
Garrek Gellert,ggellert19@smugmug.com,1998
Zara Midner,zmidner1a@ning.com,2008
Ber Lobbe,blobbe1b@techcrunch.com,1995
Mackenzie Dyball,mdyball1c@bravesites.com,2006
Constantia Isley,cisley1d@tuttocitta.it,2008
Alvira Retchless,aretchless1e@friendfeed.com,2003
Timmy Dionisetti,tdionisetti1f@blinklist.com,1996
Eli Chippendale,echippendale1g@ameblo.jp,2008
Alisha Chitter,achitter1h@photobucket.com,2008
Courtenay Grennan,cgrennan1i@wikipedia.org,2011
Henrietta Stuchbery,hstuchbery1j@instagram.com,2003
Lyndel O'Currine,locurrine1k@people.com.cn,1992
Willey Petrichat,wpetrichat1l@desdev.cn,2004
Bevvy Jeffers,bjeffers1m@umich.edu,1998
Eustace Minchell,eminchell1n@hubpages.com,2000
Worthington Playford,wplayford1o@wikipedia.org,2008
Katerina Otteridge,kotteridge1p@fc2.com,1998
Marina Klais,mklais1q@goo.ne.jp,1992
Gerrie Croshaw,gcroshaw1r@ow.ly,1994
Fremont Elcom,felcom1s@squarespace.com,2010
Johnette Fanner,jfanner1t@deviantart.com,2010
Bernard Jerger,bjerger1u@prnewswire.com,2011
Haleigh Souness,hsouness1v@opensource.org,1997
Dacy Hatton,dhatton1w@wordpress.org,1998
Audrie Dykes,adykes1x@canalblog.com,1992
Sara Giff,sgiff1y@google.nl,1992
Debor Lamcken,dlamcken1z@163.com,2011
Kristen Maseyk,kmaseyk20@people.com.cn,1967
Odille Tigner,otigner21@soundcloud.com,1994
Claudia Sponton,csponton22@desdev.cn,1986
Orella Alven,oalven23@blogs.com,1995
Clementina Nassau,cnassau24@techcrunch.com,1992
Tomasina Dannatt,tdannatt25@jigsy.com,2003
Emmit Bark,ebark26@theatlantic.com,1995
Job Lared,jlared27@pbs.org,1995
Richmound Stockney,rstockney28@acquirethisname.com,2011
Cinnamon Kinghorne,ckinghorne29@digg.com,1999
Oriana Wetherick,owetherick2a@webs.com,1970
Lamont McGannon,lmcgannon2b@squidoo.com,1999
Dru O' Flaherty,do2c@feedburner.com,2006
Ingar Haire,ihaire2d@go.com,1992
Karina Keywood,kkeywood2e@printfriendly.com,2004
Kaila Carthew,kcarthew2f@npr.org,1986
Roberta Scrafton,rscrafton2g@businessweek.com,1992
Zorine Robberts,zrobberts2h@pbs.org,1996
Jone Loomis,jloomis2i@comsenz.com,1985
Natalee Kinglesyd,nkinglesyd2j@techcrunch.com,2002
Lem Sille,lsille2k@wikimedia.org,2010
Skell Marle,smarle2l@technorati.com,2011
Ashton Lowry,alowry2m@wsj.com,2005
Vinnie Leman,vleman2n@virginia.edu,1994
Kenneth Sparkwell,ksparkwell2o@cocolog-nifty.com,2012
Bobbie Whittlesea,bwhittlesea2p@ycombinator.com,1999
Kale Dalinder,kdalinder2q@mayoclinic.com,2009
Deina Brumble,dbrumble2r@dailymail.co.uk,2005
Ruttger Leacy,rleacy2s@lulu.com,1999
Renard Brahan,rbrahan2t@vimeo.com,1988
Auria Gantzer,agantzer2u@omniture.com,2012
Karina Elijah,kelijah2v@deliciousdays.com,2011
Lin Krahl,lkrahl2w@businesswire.com,2002
Dani Knudsen,dknudsen2x@nymag.com,2002
Tabitha Douglas,tdouglas2y@w3.org,2005
Betsey Jacquemy,bjacquemy2z@deviantart.com,1966
Brandy Backshill,bbackshill30@so-net.ne.jp,2002
Aurore Attrie,aattrie31@soundcloud.com,1989
Elayne McGurgan,emcgurgan32@oracle.com,2012
Ali Ilyasov,ailyasov33@npr.org,1993
Toiboid Schoales,tschoales34@shareasale.com,1992
Ludvig Yushkin,lyushkin35@theglobeandmail.com,2004
Dita Ridsdale,dridsdale36@meetup.com,2004
Magdalene Byatt,mbyatt37@shop-pro.jp,1999
Dita Cocking,dcocking38@google.com.hk,1984
Kimbell Easton,keaston39@ed.gov,2010
Korella Antos,kantos3a@hud.gov,1998
Estella Lyal,elyal3b@last.fm,2007
Lynn Redshaw,lredshaw3c@engadget.com,2012
Yasmeen Mountfort,ymountfort3d@networkadvertising.org,2012
Britt Loomis,bloomis3e@webeden.co.uk,1994
Christiano D'Alessio,cdalessio3f@senate.gov,2000
Christyna Skypp,cskypp3g@sitemeter.com,2010
Monique Qualtrough,mqualtrough3h@i2i.jp,2011
Cooper Stanmore,cstanmore3i@boston.com,1993
Dorian Peattie,dpeattie3j@umn.edu,2001
Bob Stanes,bstanes3k@free.fr,2009
Abraham Costen,acosten3l@sina.com.cn,2007
Hartley Iacabucci,hiacabucci3m@amazon.de,1994
Bibbye Rubinowitz,brubinowitz3n@cam.ac.uk,2003
Scottie Bearham,sbearham3o@xrea.com,2005
Elene Skitt,eskitt3p@t.co,2003
Bernette Mila,bmila3q@comsenz.com,2008
Meryl Vallance,mvallance3r@etsy.com,2001
Arleyne Skeat,askeat3s@t.co,2012
Iorgo Paragreen,iparagreen3t@abc.net.au,1984
Amye Emery,aemery3u@hostgator.com,1969
Nerte Walworth,nwalworth3v@yelp.com,2010
Alley Incogna,aincogna3w@github.com,2007
Kathie Maplestone,kmaplestone3x@state.tx.us,2012
Arnie McCowen,amccowen3y@bloomberg.com,2009
Lydia Charlesworth,lcharlesworth3z@ocn.ne.jp,2012
Licha Robens,lrobens40@rambler.ru,1989
Kelwin Clerc,kclerc41@unesco.org,2010
Tuck Dalwood,tdalwood42@cdbaby.com,1992
Daisie Hackinge,dhackinge43@upenn.edu,2008
Jake Spraging,jspraging44@hugedomains.com,2007
Marti Wakeham,mwakeham45@reverbnation.com,2001
Eydie Yosifov,eyosifov46@yale.edu,2005
Andrei Tooby,atooby47@ucla.edu,1984
Stormi Kenrack,skenrack48@indiegogo.com,2009
Kellen Cuzen,kcuzen49@businesswire.com,2012
Lauraine Sewell,lsewell4a@phoca.cz,2001
Ignaz Ellul,iellul4b@desdev.cn,1995
Claire Ulster,culster4c@vistaprint.com,1991
Barnebas Vivash,bvivash4d@unicef.org,2010
Verney Balderston,vbalderston4e@sogou.com,2004
Friedrick Josifovic,fjosifovic4f@yellowbook.com,2003
Farleigh Tollfree,ftollfree4g@boston.com,2010
Catarina Sywell,csywell4h@mail.ru,1966
Corly McLugish,cmclugish4i@mapy.cz,2010
Quentin Dumingos,qdumingos4j@netvibes.com,2001
Kendrick Meaddowcroft,kmeaddowcroft4k@goo.gl,2007
Derron Gregg,dgregg4l@ucsd.edu,1999
Jena Giacomelli,jgiacomelli4m@bbc.co.uk,2008
Brandea Damarell,bdamarell4n@smh.com.au,1993
Blondell Seiter,bseiter4o@umich.edu,1993
Dolli Gogie,dgogie4p@prweb.com,2011
Karee Baumert,kbaumert4q@weebly.com,1998
Reeba Kingscote,rkingscote4r@businessinsider.com,1996
Ford Hardaway,fhardaway4s@nifty.com,2004
Ogdon Sphinxe,osphinxe4t@studiopress.com,1999
Jessamyn Dehn,jdehn4u@drupal.org,2002
Feodora Roycraft,froycraft4v@meetup.com,1994
Lauretta Lorkins,llorkins4w@ihg.com,2003
Oliy Birdfield,obirdfield4x@skyrock.com,1997
Drake Salters,dsalters4y@yolasite.com,2008
Abigael Dunk,adunk4z@vkontakte.ru,1992
Byrom Brenstuhl,bbrenstuhl50@wired.com,1997
Haze Dellenty,hdellenty51@vkontakte.ru,2005
Alisha Yoselevitch,ayoselevitch52@gizmodo.com,2003
Tilda Bazell,tbazell53@google.com.au,2006
Duky Pudan,dpudan54@psu.edu,2000
Clarita Mustard,cmustard55@reddit.com,2000
Eamon Garz,egarz56@va.gov,2001
Beniamino Loft,bloft57@t-online.de,2013
Georgiana Vasilic,gvasilic58@ihg.com,1973
Benjamen Rawstron,brawstron59@merriam-webster.com,1993
Dulcinea Lenton,dlenton5a@yandex.ru,2006
Matty Joberne,mjoberne5b@irs.gov,1993
Joseito Elsley,jelsley5c@ebay.co.uk,2004
Zacharie Mapowder,zmapowder5d@virginia.edu,2009
Ramonda Ollenbuttel,rollenbuttel5e@foxnews.com,2006
Manuel Skahill,mskahill5f@a8.net,1994
Michelle Elgee,melgee5g@prweb.com,1997
Corrianne Elcox,celcox5h@godaddy.com,2008
Dode Eggerton,deggerton5i@umich.edu,2007
Shaun Stading,sstading5j@ft.com,1997
Cate Loosemore,cloosemore5k@unc.edu,1992
Hedwiga Mattessen,hmattessen5l@columbia.edu,1995
Anna Knott,aknott5m@constantcontact.com,2004
Brandtr Dell Casa,bdell5n@twitpic.com,1984
Brnaba Wharram,bwharram5o@google.co.jp,2003
Jarrad Mellsop,jmellsop5p@dailymail.co.uk,1998
Dominga Brockett,dbrockett5q@bizjournals.com,2009
Carmelia Martinets,cmartinets5r@pinterest.com,2012
Dillon Crippes,dcrippes5s@topsy.com,2013
Leslie Bleacher,lbleacher5t@hao123.com,1999
Wyatan Mead,wmead5u@baidu.com,1996
Thaddus Queripel,tqueripel5v@quantcast.com,2007
Mal Fronzek,mfronzek5w@vkontakte.ru,1994
Igor Greatbatch,igreatbatch5x@soundcloud.com,2009
Luce Starling,lstarling5y@godaddy.com,1998
Tristam Kiebes,tkiebes5z@yandex.ru,1977
Ulric Walklate,uwalklate60@comcast.net,2012
Maurizio Lawlor,mlawlor61@independent.co.uk,2008
Rosaleen Yendall,ryendall62@cmu.edu,1992
Golda McGarrity,gmcgarrity63@sbwire.com,1986
Jervis Exer,jexer64@uiuc.edu,1986
Alyda Jenner,ajenner65@google.es,2008
Jeanna McSwan,jmcswan66@woothemes.com,2003
Marve Perkins,mperkins67@google.com,1998
Jorrie McTurk,jmcturk68@myspace.com,2005
Bertina Durante,bdurante69@ask.com,2003
Ethelda Gilhooly,egilhooly6a@wordpress.org,1995
Valeda Yokel,vyokel6b@ucoz.ru,1997
Merwin Gent,mgent6c@xrea.com,2007
Arda O'Scannill,aoscannill6d@google.co.jp,1998
Marena Marcussen,mmarcussen6e@rakuten.co.jp,1994
Kiley Bourton,kbourton6f@irs.gov,1995
Guenevere Rottcher,grottcher6g@admin.ch,1992
Meredith Ben,mben6h@bizjournals.com,2002
Willamina Martyntsev,wmartyntsev6i@utexas.edu,2001
Wait Braikenridge,wbraikenridge6j@discovery.com,2007
Modestine Smallwood,msmallwood6k@sohu.com,2012
Ellerey Mullaly,emullaly6l@networksolutions.com,2003
Bryant Elfe,belfe6m@ifeng.com,2006
Marjy McNae,mmcnae6n@wunderground.com,2010
Lilly Beale,lbeale6o@unc.edu,1995
Tandy Frodsam,tfrodsam6p@t-online.de,2009
Dynah Caveill,dcaveill6q@photobucket.com,1999
Benton Crimes,bcrimes6r@csmonitor.com,1985
Magdaia Fleischer,mfleischer6s@pen.io,1999
Georgiana Wearne,gwearne6t@mtv.com,2003
Whittaker Kristoffersson,wkristoffersson6u@seesaa.net,2004
Staford Caban,scaban6v@parallels.com,2007
Cherey Ronca,cronca6w@linkedin.com,1967
Monti Ion,mion6x@slideshare.net,1992
Dulsea Stood,dstood6y@cbc.ca,1997
Carolina Rylstone,crylstone6z@apache.org,2007
Lib Szach,lszach70@weibo.com,2011
Georgetta Skym,gskym71@cdbaby.com,2000
Redd Jeal,rjeal72@harvard.edu,2000
Kyrstin Fryd,kfryd73@hatena.ne.jp,1959
Ethelin Stitwell,estitwell74@psu.edu,1996
Wendel Cressey,wcressey75@unesco.org,1999
Andreas Varnals,avarnals76@google.com,1988
Tabina Womersley,twomersley77@china.com.cn,2002
Nathalia Serjeantson,nserjeantson78@posterous.com,2001
Janette Bartleet,jbartleet79@youtu.be,2007
Merrie Castlake,mcastlake7a@feedburner.com,1992
Randi Cerman,rcerman7b@webnode.com,1987
Aldous Ganniclifft,aganniclifft7c@disqus.com,1996
Noby Winkle,nwinkle7d@who.int,2010
Allianora D' Angelo,ad7e@de.vu,1988
Tildi Andrewartha,tandrewartha7f@networksolutions.com,1996
Cello Goroni,cgoroni7g@hao123.com,1997
Bunnie Smalridge,bsmalridge7h@elegantthemes.com,1996
Lynn McLewd,lmclewd7i@dell.com,2009
Torrence Curnokk,tcurnokk7j@fastcompany.com,1997
Angelika Valde,avalde7k@nba.com,2003
Bria Brugh,bbrugh7l@ifeng.com,1988
Donalt Korfmann,dkorfmann7m@globo.com,2007
Biddy Pietersen,bpietersen7n@pinterest.com,1991
Carmita Addeycott,caddeycott7o@ed.gov,2004
Gamaliel Lerer,glerer7p@imdb.com,2008
Ginni Stinson,gstinson7q@ameblo.jp,1993
Willy Bramah,wbramah7r@livejournal.com,2010
Kendrick Sharpous,ksharpous7s@pbs.org,2011
Bobbye Tash,btash7t@gov.uk,2012
Roman Brandoni,rbrandoni7u@examiner.com,2006
Blanca Comelli,bcomelli7v@wisc.edu,2001
Latisha Backwell,lbackwell7w@dagondesign.com,1992
Penn Kayes,pkayes7x@vistaprint.com,2007
Alfons Southerill,asoutherill7y@usda.gov,2012
Pablo Bautiste,pbautiste7z@theguardian.com,2009
Vilma Glennon,vglennon80@ifeng.com,1994
Romonda Winger,rwinger81@squidoo.com,1996
Willem Wayte,wwayte82@virginia.edu,2006
Benji Voas,bvoas83@webnode.com,2006
Tye MacAllen,tmacallen84@blog.com,1999
Hedvige Coldham,hcoldham85@house.gov,1996
Micky Bowgen,mbowgen86@51.la,1989
Karyl Gomme,kgomme87@istockphoto.com,2001
Isobel Doak,idoak88@facebook.com,1995
Casi Bogie,cbogie89@washington.edu,2005
Bonnibelle De'Vere - Hunt,bdevere8a@usnews.com,2003
Brady Siemon,bsiemon8b@intel.com,1993
Lisle Sterland,lsterland8c@devhub.com,2008
Patsy Cleave,pcleave8d@telegraph.co.uk,1984
Luce Portlock,lportlock8e@google.ru,1992
Astrid Eliesco,aeliesco8f@flavors.me,1992
Meaghan Cannavan,mcannavan8g@va.gov,2004
Oralie MacAskill,omacaskill8h@artisteer.com,1993
Courtnay Deelay,cdeelay8i@shareasale.com,1995
Kahaleel Cutress,kcutress8j@biglobe.ne.jp,2008
Belicia Nayer,bnayer8k@jiathis.com,1993
Trev Hawgood,thawgood8l@youku.com,1997
Norry Pryer,npryer8m@google.com.hk,1995
Ware Kayes,wkayes8n@addthis.com,2008
Ddene Heathfield,dheathfield8o@vkontakte.ru,2006
Cassondra Hoys,choys8p@miitbeian.gov.cn,2006
Marieann Lahrs,mlahrs8q@si.edu,2012
Gloria Bremen,gbremen8r@deviantart.com,1986
Celestina Reymers,creymers8s@phpbb.com,1995
Susana Meader,smeader8t@cdbaby.com,2002
Klarrisa Franzolini,kfranzolini8u@t-online.de,1995
Norman Robker,nrobker8v@4shared.com,2007
Milt Buscher,mbuscher8w@wp.com,1993
Trisha Oppy,toppy8x@prweb.com,1985
Karine Gentry,kgentry8y@usa.gov,2008
Darda Hayler,dhayler8z@creativecommons.org,1995
Chip Bingell,cbingell90@ft.com,1983
Ebenezer Graeser,egraeser91@weibo.com,2001
Ash Hekkert,ahekkert92@dell.com,1989
Fanni Vedenisov,fvedenisov93@live.com,1994
Benjie Clarke,bclarke94@berkeley.edu,1994
Lilian Polendine,lpolendine95@topsy.com,2006
Linus Dunkerly,ldunkerly96@photobucket.com,2007
Dorris De Bernardi,dde97@yale.edu,2001
Allx Rabson,arabson98@ucsd.edu,1993
Chris Parade,cparade99@google.ru,1958
Abdel Parnall,aparnall9a@etsy.com,1993
Bethina Grosvener,bgrosvener9b@godaddy.com,2006
Massimiliano Rockhill,mrockhill9c@gnu.org,2004
Elita Banks,ebanks9d@examiner.com,1989
Arlin Veness,aveness9e@cafepress.com,1998
Filia Kilpin,fkilpin9f@nba.com,2005
Teddy Kneaphsey,tkneaphsey9g@4shared.com,2001
Lawry Outhwaite,louthwaite9h@nasa.gov,2008
Mead Tramel,mtramel9i@free.fr,1991
Wash Bilbie,wbilbie9j@netscape.com,2008
Fara Kenneway,fkenneway9k@goo.gl,2000
Robin MacFadyen,rmacfadyen9l@imgur.com,1973
Doe Korneluk,dkorneluk9m@ameblo.jp,1994
Shea Covolini,scovolini9n@fema.gov,1999
Mark Tipperton,mtipperton9o@rediff.com,2010
Aharon Verman,averman9p@amazon.com,1994
Minnnie Kenworth,mkenworth9q@mozilla.com,1994
Phil Zienkiewicz,pzienkiewicz9r@naver.com,1999
Pascale MacElharge,pmacelharge9s@dion.ne.jp,2012
Debera Cluer,dcluer9t@wikimedia.org,2011
Stearne Metcalf,smetcalf9u@is.gd,1994
Ashia Pendred,apendred9v@nymag.com,2012
Diane Hallor,dhallor9w@cmu.edu,2009
Drona Gange,dgange9x@odnoklassniki.ru,1993
Aubine Vaughten,avaughten9y@thetimes.co.uk,1995
Joy McCurrie,jmccurrie9z@whitehouse.gov,2007
Nye Jamblin,njamblina0@tmall.com,2005
Maia Fearn,mfearna1@mayoclinic.com,1992
Lena Lamprecht,llamprechta2@chronoengine.com,1983
Alasdair Josefs,ajosefsa3@devhub.com,2009
Dorena Presland,dpreslanda4@cpanel.net,2000
Linc Whife,lwhifea5@mysql.com,1997
Delly Gianiello,dgianielloa6@vinaora.com,2008
Halsy Tibb,htibba7@harvard.edu,2003
Ali Lewty,alewtya8@tripod.com,2003
Vita Songist,vsongista9@symantec.com,1969
Hettie Banes,hbanesaa@ameblo.jp,2004
Chick Prescot,cprescotab@miibeian.gov.cn,2012
Patton Causby,pcausbyac@whitehouse.gov,1992
Jenni Blewett,jblewettad@ucla.edu,2004
Thedrick Laffling,tlafflingae@mozilla.com,2004
Asa Tarquini,atarquiniaf@histats.com,1999
Galina Koppeck,gkoppeckag@howstuffworks.com,2010
Bastian Knatt,bknattah@sun.com,1995
Gregorio Lackham,glackhamai@bloglines.com,2006
Jory Bizley,jbizleyaj@usatoday.com,1990
Mycah Berthome,mberthomeak@php.net,2004
Terry Ballard,tballardal@cpanel.net,1999
Cammy Badcock,cbadcockam@paypal.com,2009
Estevan Timmis,etimmisan@nhs.uk,1990
Anna-diana Yurocjkin,ayurocjkinao@comsenz.com,1984
Cristionna Papaminas,cpapaminasap@prnewswire.com,1993
Damiano Drewitt,ddrewittaq@reddit.com,1992
Lottie Kiddell,lkiddellar@disqus.com,1990
Chere Withnall,cwithnallas@marketwatch.com,2001
Andie Vigus,avigusat@cyberchimps.com,1998
Jasmin Chamberlayne,jchamberlayneau@prlog.org,2002
Glory Piffe,gpiffeav@unc.edu,1993
Gregoor Whaley,gwhaleyaw@jimdo.com,2004
Wood Cloonan,wcloonanax@apache.org,2011
Edmund Kitt,ekittay@discovery.com,1959
Jean Dunlea,jdunleaaz@china.com.cn,2006
Barbette Westhead,bwestheadb0@photobucket.com,1994
Garek Hegley,ghegleyb1@slashdot.org,2009
Alyda Ellse,aellseb2@marketwatch.com,2012
Collen Shubotham,cshubothamb3@free.fr,2006
Rich Joost,rjoostb4@ca.gov,2010
Jard Brandes,jbrandesb5@rediff.com,2004
Betsey Riddle,briddleb6@hubpages.com,2009
Paule Gaisford,pgaisfordb7@flickr.com,2000
Felike Baulk,fbaulkb8@ycombinator.com,1986
Eugenius Malyan,emalyanb9@geocities.com,1995
Olivette Wardrope,owardropeba@wikipedia.org,2002
Nealy Haryngton,nharyngtonbb@answers.com,2002
Jan Learoyde,jlearoydebc@cpanel.net,2010
Tessi Longland,tlonglandbd@sciencedaily.com,1992
Valerye Scripps,vscrippsbe@fastcompany.com,1994
Justis Blew,jblewbf@hexun.com,1999
Cass Krabbe,ckrabbebg@imgur.com,2002
Aubrey Purseglove,apurseglovebh@ox.ac.uk,1986
Odetta Goodison,ogoodisonbi@google.co.jp,2002
Ruthy Wilderspoon,rwilderspoonbj@skype.com,2004
Wakefield Deamer,wdeamerbk@sciencedirect.com,1996
Joyann Lerway,jlerwaybl@bbc.co.uk,2006
Daven MacGillivrie,dmacgillivriebm@google.com.au,2003
Elnora Pley,epleybn@blogspot.com,1992
Ginny Danaher,gdanaherbo@addthis.com,1995
Charisse Deetch,cdeetchbp@oakley.com,2009
Gerianne Harragin,gharraginbq@tinyurl.com,2006
Borden D'Acth,bdacthbr@mit.edu,1997
Agnese Beart,abeartbs@illinois.edu,2001
Lira Widger,lwidgerbt@dropbox.com,1994
Jaimie Gasson,jgassonbu@rambler.ru,2012
Marty Vaud,mvaudbv@bbb.org,2004
Read Foottit,rfoottitbw@infoseek.co.jp,2011
Bethany Gorcke,bgorckebx@discovery.com,2007
Andonis Gauge,agaugeby@foxnews.com,1997
Tonnie Rankin,trankinbz@wired.com,2012
Pascale Daulton,pdaultonc0@ameblo.jp,2006
Chloette Cobley,ccobleyc1@independent.co.uk,1994
Zacharias McMullen,zmcmullenc2@furl.net,1994
Darsie Swanton,dswantonc3@youtu.be,2006
Emyle Lumsdale,elumsdalec4@wikispaces.com,1994
Alic Budding,abuddingc5@gmpg.org,2008
Pepita Winward,pwinwardc6@census.gov,2002
Antons Clissell,aclissellc7@phpbb.com,1992
Timoteo Paulon,tpaulonc8@wikimedia.org,1999
Lanita Kuhndel,lkuhndelc9@prweb.com,1998
Lars Gasker,lgaskerca@paypal.com,2012
Ches Shwalbe,cshwalbecb@pen.io,2006
Janelle Cuppleditch,jcuppleditchcc@intel.com,1981
Claudia Gallally,cgallallycd@linkedin.com,2008
Doro Sayce,dsaycece@princeton.edu,1998
Charo Ygou,cygoucf@nifty.com,1998
Zachariah Grellier,zgrelliercg@gov.uk,2002
Somerset Springate,sspringatech@ft.com,2001
Franny Elton,feltonci@domainmarket.com,1999
Evangelina Piatek,epiatekcj@pcworld.com,2011
Sella Hearnaman,shearnamanck@parallels.com,2000
Dorella Dannohl,ddannohlcl@usnews.com,1993
Peirce Morando,pmorandocm@ucsd.edu,1970
Madelin Scopyn,mscopyncn@microsoft.com,1973
Abbe Calow,acalowco@nih.gov,1998
Reginald Papen,rpapencp@macromedia.com,2003
Lani Pischof,lpischofcq@psu.edu,1996
Mareah Mallen,mmallencr@foxnews.com,2000
Thomasa Kordas,tkordascs@vk.com,2005
Faulkner Sparks,fsparksct@twitter.com,2001
Hanny Beddo,hbeddocu@squidoo.com,1993
Gladi Malarkey,gmalarkeycv@samsung.com,2006
Berkly Benkhe,bbenkhecw@biglobe.ne.jp,2009
Windy Ezele,wezelecx@mlb.com,2007
Anetta McKevin,amckevincy@booking.com,1998
Bambi Iacomo,biacomocz@msn.com,2007
Frasco Klammt,fklammtd0@trellian.com,2005
Flemming Benesevich,fbenesevichd1@purevolume.com,1990
Dian Panter,dpanterd2@mozilla.org,2005
Giovanna Andrzejak,gandrzejakd3@tiny.cc,1986
Kissie Hanson,khansond4@epa.gov,2006
Adrea Micklewright,amicklewrightd5@wikimedia.org,2001
Moreen Castane,mcastaned6@foxnews.com,1992
Letti Dudman,ldudmand7@wikia.com,1985
Jessey Coupman,jcoupmand8@yellowbook.com,1998
Kerrie Wilkes,kwilkesd9@globo.com,2010
Avery Feenan,afeenanda@yolasite.com,2006
Ugo Vignal,uvignaldb@de.vu,2006
Blinni Budge,bbudgedc@cam.ac.uk,1986
Irving Trodler,itrodlerdd@census.gov,1999
Reeva Josovitz,rjosovitzde@liveinternet.ru,2002
Julissa Shovelbottom,jshovelbottomdf@newyorker.com,1985
Rance Fissenden,rfissendendg@issuu.com,2005
Winna Perot,wperotdh@jiathis.com,1995
Boyd Alibone,balibonedi@geocities.com,2012
Charmine Balfe,cbalfedj@whitehouse.gov,1997
Temple Hellis,thellisdk@imdb.com,1992
Ulrike Lacrouts,ulacroutsdl@ask.com,2006
Didi Stopper,dstopperdm@home.pl,2003
Tybalt Oddie,toddiedn@mozilla.com,2007
Benedetto Medgewick,bmedgewickdo@fc2.com,2006
Aldo Lukas,alukasdp@opensource.org,2010
Carma Bretherick,cbretherickdq@arstechnica.com,2012
Krista Godlonton,kgodlontondr@dropbox.com,2010
Obediah Morter,omorterds@so-net.ne.jp,2000
Thain Muttock,tmuttockdt@dion.ne.jp,1998
Brittney Pittam,bpittamdu@squarespace.com,1996
Christie Waudby,cwaudbydv@imageshack.us,2000
Emalee Lacy,elacydw@marriott.com,2011
Emilie Daysh,edayshdx@ucsd.edu,2005
Betsey Mersh,bmershdy@utexas.edu,2007
Hadrian Assante,hassantedz@auda.org.au,2008
Norine Kegg,nkegge0@oaic.gov.au,2011
My Fortescue,mfortescuee1@ehow.com,2010
Greg Harbottle,gharbottlee2@geocities.jp,1984
Chelsea Kimblen,ckimblene3@eepurl.com,2012
Bronny Needs,bneedse4@unicef.org,2008
Chen Harcarse,charcarsee5@webmd.com,2009
Marabel Aleksashin,maleksashine6@sciencedaily.com,2006
Durante Ganford,dganforde7@samsung.com,2001
Brnaba Dew,bdewe8@ask.com,2006
Shaylynn Claybourne,sclaybournee9@twitpic.com,2008
Kally Seamark,kseamarkea@last.fm,2009
Garry Mantripp,gmantrippeb@multiply.com,2007
Eldridge Cardinale,ecardinaleec@admin.ch,2008
Isador Stracey,istraceyed@yellowbook.com,1984
Christophe Wasbrough,cwasbroughee@bizjournals.com,1994
Nita Ellesworthe,nelleswortheef@chron.com,2004
Lombard Edghinn,ledghinneg@skyrock.com,2004
Bertina Colebrook,bcolebrookeh@dell.com,2001
Cristionna Mayfield,cmayfieldei@theglobeandmail.com,2010
Franklyn Dodgshon,fdodgshonej@last.fm,2010
Janette Godmer,jgodmerek@merriam-webster.com,1994
Gerik Loude,gloudeel@exblog.jp,2012
Pinchas Rourke,prourkeem@phpbb.com,1994
Cleve McGloin,cmcgloinen@accuweather.com,1999
Rooney Greedy,rgreedyeo@mayoclinic.com,2004
Lu Oddie,loddieep@cocolog-nifty.com,2007
Tim Yakutin,tyakutineq@yelp.com,2005
Meier Bithell,mbitheller@sbwire.com,2006
Celestyna Zarfat,czarfates@t-online.de,2004
Samuele Hamal,shamalet@ocn.ne.jp,2004
Garry Worpole,gworpoleeu@cdbaby.com,2009
Alexander Verrill,averrillev@wp.com,2012
Ettore Ashbe,eashbeew@alexa.com,1997
Zarla Brooking,zbrookingex@mapquest.com,1969
Elden Whistlecroft,ewhistlecroftey@senate.gov,2011
Merilyn Pycock,mpycockez@histats.com,1995
Brittney Roswarne,broswarnef0@sfgate.com,1994
Esra Shaylor,eshaylorf1@surveymonkey.com,1996
Torrey Henighan,thenighanf2@hugedomains.com,1992
Nona Jayme,njaymef3@aol.com,1986
Avrom Van Haeften,avanf4@yahoo.com,1985
Irma Truter,itruterf5@usa.gov,1993
Marina Lockier,mlockierf6@typepad.com,2011
Madelina Midgley,mmidgleyf7@ycombinator.com,2000
Elicia Bartak,ebartakf8@tinypic.com,1995
Morse Walak,mwalakf9@spiegel.de,2011
Liz Raiker,lraikerfa@businessinsider.com,2000
Travus Buttler,tbuttlerfb@microsoft.com,1992
Denys Gosneye,dgosneyefc@loc.gov,2001
Teodor Pocklington,tpocklingtonfd@ucsd.edu,2001
Osgood Knaggs,oknaggsfe@cbslocal.com,1994
Andrew Sydall,asydallff@bravesites.com,1989
Dosi Snoden,dsnodenfg@wisc.edu,2006
Brittany Martinon,bmartinonfh@sogou.com,1997
Kalvin Crannis,kcrannisfi@g.co,2007
Loralie Emanulsson,lemanulssonfj@bing.com,1985
Joelie Tregido,jtregidofk@about.me,2007
Cleve Rawlin,crawlinfl@upenn.edu,1993
Merci Southway,msouthwayfm@va.gov,1984
Johannah Tummons,jtummonsfn@paginegialle.it,2005
Bone Penhalewick,bpenhalewickfo@i2i.jp,1999
Urbano Brambill,ubrambillfp@studiopress.com,1988
Irvin Procter,iprocterfq@topsy.com,2012
Pam Broadwood,pbroadwoodfr@umich.edu,1995
Yule Gosford,ygosfordfs@comsenz.com,2005
Ajay Armatidge,aarmatidgeft@indiegogo.com,1996
Cammi Sydall,csydallfu@army.mil,1998
Morgun Micheu,mmicheufv@vistaprint.com,1986
Wood Robotham,wrobothamfw@dailymail.co.uk,2007
Tarrah Trulock,ttrulockfx@miitbeian.gov.cn,1996
Ninon Spellissy,nspellissyfy@typepad.com,2010
Norton Wedgwood,nwedgwoodfz@google.ca,2004
Jill Windows,jwindowsg0@list-manage.com,2005
Artie Chapier,achapierg1@arstechnica.com,1992
Kellyann Coxall,kcoxallg2@hexun.com,1984
Albie Lazare,alazareg3@live.com,1993
Gina Hedworth,ghedworthg4@state.tx.us,2006
Ileane Burnhams,iburnhamsg5@yandex.ru,2011
Valene Franses,vfransesg6@wired.com,1996
Crosby Cowdery,ccowderyg7@chronoengine.com,2011
Doll Kinge,dkingeg8@who.int,2009
Ricki Bickerdyke,rbickerdykeg9@pagesperso-orange.fr,1998
Shantee Rosser,srosserga@bloglovin.com,2006
Rosemary Darrel,rdarrelgb@infoseek.co.jp,2008
Kimberlyn Budgett,kbudgettgc@taobao.com,1996
Roth Barnsdale,rbarnsdalegd@cloudflare.com,1997
Carlye Kubes,ckubesge@hibu.com,2007
Hesther Burkman,hburkmangf@wiley.com,2006
Stearn Dunckley,sdunckleygg@wikispaces.com,1997
Bathsheba Muzzullo,bmuzzullogh@bravesites.com,1990
Nalani Stanfield,nstanfieldgi@home.pl,1999
Harlin Gamlyn,hgamlyngj@tmall.com,2008
Lee Dunlea,ldunleagk@abc.net.au,2007
Donnajean Pietrzak,dpietrzakgl@sina.com.cn,1999
Crawford Game,cgamegm@vinaora.com,1993
Drusie Fiorentino,dfiorentinogn@godaddy.com,1997
Lynett Lowton,llowtongo@about.com,2001
Helenka Dickey,hdickeygp@scribd.com,2008
Layne Featherstonhaugh,lfeatherstonhaughgq@geocities.com,1999
Guthrey Huddleston,ghuddlestongr@comcast.net,2008
Rosamond Raincin,rraincings@businesswire.com,2003
Tessi Wilkie,twilkiegt@elpais.com,1993
Daisey Mcasparan,dmcasparangu@rakuten.co.jp,1991
Benedikt Veltmann,bveltmanngv@patch.com,1997
Emalia Hinckley,ehinckleygw@bluehost.com,1996
Aurora Friar,afriargx@amazon.co.uk,1989
Laurens Dikles,ldiklesgy@disqus.com,1995
Brittni Gotthard,bgotthardgz@aol.com,2004
Aime Guinan,aguinanh0@google.de,2009
May Garriock,mgarriockh1@msn.com,2008
Auguste Conant,aconanth2@dmoz.org,2012
Nerita Adamsky,nadamskyh3@ehow.com,1992
Radcliffe Matthewman,rmatthewmanh4@marketwatch.com,2005
Clarisse Burborough,cburboroughh5@umich.edu,2009
Igor Brandle,ibrandleh6@simplemachines.org,2006
Bernardo Thornber,bthornberh7@thetimes.co.uk,2000
Lane O'Dougherty,lodoughertyh8@de.vu,1999
Merola Craney,mcraneyh9@bloglines.com,2012
Bev Hadlow,bhadlowha@lycos.com,2000
Arri Bobasch,abobaschhb@baidu.com,1992
Matt Crooks,mcrookshc@g.co,1987
Vickie Bunson,vbunsonhd@goo.ne.jp,2007
Tannie Rudloff,trudloffhe@mashable.com,2000
Bertina Bouller,bboullerhf@ftc.gov,2009
Thornie Elsmere,telsmerehg@boston.com,1993
Clementia Kingsland,ckingslandhh@twitter.com,1989
Gillan Mulholland,gmulhollandhi@chronoengine.com,2007
Derrik Carlisle,dcarlislehj@devhub.com,2000
Reilly Reinert,rreinerthk@nsw.gov.au,2010
Francis Grebner,fgrebnerhl@imageshack.us,2001
Gertrudis Epps,geppshm@cisco.com,2011
Paulina McCarly,pmccarlyhn@mozilla.com,2008
Harv Glanz,hglanzho@si.edu,2002
Helge Haggett,hhaggetthp@dion.ne.jp,2009
Lanette Thickpenny,lthickpennyhq@tuttocitta.it,1998
Laurella Bottrill,lbottrillhr@shareasale.com,1999
Anette Nolot,anoloths@addthis.com,2006
Alfi Rontsch,arontschht@altervista.org,1994
Ashli Stegers,astegershu@ft.com,2006
Chev Hosburn,chosburnhv@biglobe.ne.jp,2010
Biddy Cotsford,bcotsfordhw@java.com,2000
Edwina Tweede,etweedehx@shop-pro.jp,2007
Lebbie Riordan,lriordanhy@sun.com,2009
Rabi Sperry,rsperryhz@ovh.net,2000
Korry Wormleighton,kwormleightoni0@bbc.co.uk,2006
Kayley MacParland,kmacparlandi1@usda.gov,1995
Stanislaw Exelby,sexelbyi2@berkeley.edu,2001
Flossi Thams,fthamsi3@elpais.com,2009
Christye Pandya,cpandyai4@cdc.gov,1998
Gran Thorsen,gthorseni5@oakley.com,2004
Goddart Stiebler,gstiebleri6@mashable.com,1992
Agneta Rheubottom,arheubottomi7@indiatimes.com,2000
Torrey Covil,tcovili8@bandcamp.com,2001
Daniel Kamenar,dkamenari9@over-blog.com,1993
Chico Garner,cgarneria@usgs.gov,2003
Hillyer Newbery,hnewberyib@wikia.com,1996
Rossie Sharman,rsharmanic@ezinearticles.com,2000
Boone Connock,bconnockid@indiatimes.com,2004
Caren MacPharlain,cmacpharlainie@cnbc.com,1996
Tatiania Coventry,tcoventryif@google.it,1992
Kurt Lodeke,klodekeig@webs.com,2005
Jeramie Archbell,jarchbellih@unc.edu,2010
Cammie Ormistone,cormistoneii@umich.edu,1998
Filippo Lidell,flidellij@blog.com,2012
Norman Rowbottam,nrowbottamik@wix.com,2006
Stephine Senescall,ssenescallil@cbslocal.com,1999
Abran Oret,aoretim@xrea.com,2010
Fitz Arundel,farundelin@state.tx.us,1999
Nesta Strickett,nstrickettio@pen.io,1994
Harlen Prichard,hprichardip@dailymail.co.uk,1997
Vinnie Damper,vdamperiq@miitbeian.gov.cn,1992
Baxy Pettitt,bpettittir@forbes.com,2009
Elle Boole,ebooleis@umn.edu,1999
Sidonia Vasilischev,svasilischevit@eepurl.com,1997
Beckie Lofts,bloftsiu@squidoo.com,1998
Rebecca Fuentes,rfuentesiv@parallels.com,1999
Bartlett Brosini,bbrosiniiw@imgur.com,2000
Melva Symonds,msymondsix@si.edu,2010
Jessee Been,jbeeniy@123-reg.co.uk,1993
Blondy Carrell,bcarrelliz@stanford.edu,2010
Chet Bonehill,cbonehillj0@shinystat.com,2006
Benedetto Aguirre,baguirrej1@blogtalkradio.com,2007
Robinette Thecham,rthechamj2@163.com,1996
Yasmeen Greetham,ygreethamj3@pagesperso-orange.fr,2008
Loreen Mucklow,lmucklowj4@lycos.com,2006
Sigismund Fevier,sfevierj5@miibeian.gov.cn,2013
Malinde Hentzeler,mhentzelerj6@soup.io,1975
Elvira Ranklin,eranklinj7@soundcloud.com,2006
Fonsie Dowsing,fdowsingj8@mlb.com,1985
Helene Trumble,htrumblej9@fda.gov,1995
Tasia Pringley,tpringleyja@hhs.gov,1992
Elsi Tigwell,etigwelljb@bluehost.com,2008
Rufus Brosnan,rbrosnanjc@patch.com,1999
Othilie Pottinger,opottingerjd@paginegialle.it,2004
Corry Aspinell,caspinellje@pinterest.com,1994
Tandie Thowes,tthowesjf@wikimedia.org,2009
Sherlock Wansbury,swansburyjg@hugedomains.com,2007
Dyann Midghall,dmidghalljh@tripadvisor.com,2003
Jacquelynn Riddett,jriddettji@reddit.com,1992
Graeme Burditt,gburdittjj@chicagotribune.com,2002
Sibley Paxton,spaxtonjk@house.gov,1987
Atlante Deviney,adevineyjl@wordpress.com,2005
Flynn Mayhew,fmayhewjm@twitpic.com,1995
Clarie O'Currane,cocurranejn@amazon.co.uk,1994
Kareem Damrell,kdamrelljo@ted.com,2004
Andris Daynter,adaynterjp@house.gov,1995
Harriot Ketch,hketchjq@ehow.com,1994
Thebault Sawkins,tsawkinsjr@zimbio.com,2000
Courtney Wimmer,cwimmerjs@eepurl.com,2007
Kippy Philipps,kphilippsjt@examiner.com,1993
Carie Houdhury,choudhuryju@nydailynews.com,2005
Honey Cruikshanks,hcruikshanksjv@liveinternet.ru,1988
Danica Whatford,dwhatfordjw@google.de,1996
Meghan Crankhorn,mcrankhornjx@xing.com,2009
Dorree Ferminger,dfermingerjy@dailymotion.com,1998
Berthe Soggee,bsoggeejz@youtube.com,2008
Lacee McQuilkin,lmcquilkink0@boston.com,2005
Lydon Housen,lhousenk1@netscape.com,1956
Rois Bere,rberek2@upenn.edu,1990
Latrena Cicchitello,lcicchitellok3@people.com.cn,2001
Susana Duchesne,sduchesnek4@pen.io,2009
Sherlocke Palfery,spalferyk5@diigo.com,2012
Clareta Matitiaho,cmatitiahok6@example.com,1995
Cosmo Steinor,csteinork7@craigslist.org,1993
Joline Castelin,jcastelink8@cbslocal.com,1995
Kane D'Angeli,kdangelik9@xing.com,1998
Dorine Mylan,dmylanka@drupal.org,2004
Gunther Sandford,gsandfordkb@barnesandnoble.com,1997
Selig Paroni,sparonikc@cbsnews.com,1984
Marley Fri,mfrikd@usgs.gov,2006
Cleopatra Bene,cbeneke@ask.com,2009
Merola Rennard,mrennardkf@free.fr,1995
Romonda Dolton,rdoltonkg@umn.edu,2001
Ilene Creeber,icreeberkh@trellian.com,1992
Evan Spurryer,espurryerki@weebly.com,2008
Murdoch Demangeon,mdemangeonkj@desdev.cn,2011
Duky Adelsberg,dadelsbergkk@rambler.ru,1992
Robin Ewing,rewingkl@sfgate.com,1991
Silvain Robilart,srobilartkm@sbwire.com,1997
Kattie Gyrgorwicx,kgyrgorwicxkn@g.co,1986
Kat Dickins,kdickinsko@twitpic.com,2002
Gisele Allcroft,gallcroftkp@technorati.com,2006
Gilles Frosdick,gfrosdickkq@reddit.com,1998
Domeniga Whyte,dwhytekr@springer.com,1989
Shandee Gover,sgoverks@ocn.ne.jp,2009
Kathryn Cordet,kcordetkt@wikispaces.com,2011
Trix Matteacci,tmatteacciku@bing.com,2008
Curtis Poinsett,cpoinsettkv@mapy.cz,1993
Rosanne Unger,rungerkw@mayoclinic.com,2001
Cinderella Gunda,cgundakx@arstechnica.com,1994
Grata McSherry,gmcsherryky@slashdot.org,2002
Dwayne Dowall,ddowallkz@naver.com,2005
Alameda Denziloe,adenziloel0@howstuffworks.com,2002
Rube Manzell,rmanzelll1@digg.com,1997
Delcine Samart,dsamartl2@themeforest.net,1992
Hailey Doudny,hdoudnyl3@reuters.com,1986
Ezekiel Blaxlande,eblaxlandel4@sitemeter.com,2002
Melodie Pavlata,mpavlatal5@wp.com,2001
Lida Rasell,lraselll6@domainmarket.com,1993
Lynn Piborn,lpibornl7@aboutads.info,2005
Yorgo Lecount,ylecountl8@github.com,1984
Cybill Peealess,cpeealessl9@aboutads.info,2001
Audrey Hearty,aheartyla@uol.com.br,1996
Aubry McCray,amccraylb@icq.com,2007
Avery Dinsmore,adinsmorelc@goodreads.com,2001
Erik Reubens,ereubensld@vinaora.com,1990
Doralyn Hammonds,dhammondsle@si.edu,1999
Augusta MacTrustam,amactrustamlf@shinystat.com,1995
Lotty Dumphry,ldumphrylg@alexa.com,1978
Manny St. Pierre,mstlh@arstechnica.com,2011
Etta M'Quhan,emquhanli@seattletimes.com,2008
Monti Boland,mbolandlj@digg.com,1991
Elvin Jovis,ejovislk@ibm.com,1999
Paige Crissil,pcrissilll@biglobe.ne.jp,2004
Cortie Itscovitz,citscovitzlm@yolasite.com,2008
Romonda Du Hamel,rduln@eepurl.com,2011
Maxie Gracey,mgraceylo@sohu.com,1985
Wesley Proske,wproskelp@t-online.de,2004
Issi Aland,ialandlq@prlog.org,2005
Lucine Alker,lalkerlr@geocities.com,1985
Alexi Ripping,arippingls@shareasale.com,2009
Avril Gabb,agabblt@clickbank.net,1999
Madeline Tearney,mtearneylu@yellowpages.com,1993
Moritz Whitehorn,mwhitehornlv@delicious.com,2000
Mort Spreadbury,mspreadburylw@canalblog.com,1978
Garvey Matijevic,gmatijeviclx@microsoft.com,2011
Merla Baff,mbaffly@opensource.org,2009
Dionysus Bramble,dbramblelz@ask.com,2000
Jacquelin Monday,jmondaym0@salon.com,2008
Sapphira Prescot,sprescotm1@zdnet.com,2005
Danita Feldmann,dfeldmannm2@merriam-webster.com,2003
Emelina Gatland,egatlandm3@ucla.edu,1993
Rozanne Crease,rcreasem4@businessinsider.com,1998
Antonino Fibben,afibbenm5@issuu.com,2009
Fawn Ower,fowerm6@ask.com,1995
Davida Occleshaw,doccleshawm7@flickr.com,2007
Frayda Krink,fkrinkm8@netvibes.com,2002
Carey Francescoccio,cfrancescocciom9@bravesites.com,1992
Mill Yeomans,myeomansma@blogs.com,2010
Oswell Gowenlock,ogowenlockmb@tinypic.com,1988
Malva Fallanche,mfallanchemc@wiley.com,2003
Whitaker Sones,wsonesmd@yellowbook.com,1966
Egan Dooly,edoolyme@live.com,1999
Marie-ann Jeskins,mjeskinsmf@unblog.fr,1996
Marchall Lesurf,mlesurfmg@state.tx.us,1990
Gilberto Penna,gpennamh@ucoz.ru,1994
Mickie Pardy,mpardymi@theatlantic.com,2004
Audi Ben,abenmj@wired.com,2002
Cyndie Hambric,chambricmk@plala.or.jp,1996
Christos Gater,cgaterml@blogtalkradio.com,1992
Candace Alflat,calflatmm@bluehost.com,2005
Bettye Pesic,bpesicmn@ucoz.ru,2007
Teodoro Woodroof,twoodroofmo@mapquest.com,1999
Ninon Sweeney,nsweeneymp@mozilla.com,2008
Arnuad Chasmer,achasmermq@4shared.com,2002
Jacquenetta Duerden,jduerdenmr@symantec.com,1999
Miguel Lamey,mlameyms@miibeian.gov.cn,2001
Kiri Tresvina,ktresvinamt@imgur.com,2009
Cecil Hasselby,chasselbymu@cbsnews.com,1991
Joelly Newson,jnewsonmv@merriam-webster.com,2005
Noll Sheeran,nsheeranmw@exblog.jp,1998
Emiline Guard,eguardmx@altervista.org,1995
Riccardo Dimeloe,rdimeloemy@live.com,1997
Casper Limon,climonmz@php.net,1997
Darin Oldridge,doldridgen0@engadget.com,1996
Marmaduke Imlen,mimlenn1@qq.com,2010
Radcliffe Breen,rbreenn2@reference.com,1985
Terese Gee,tgeen3@netscape.com,2001
Filide Pepineaux,fpepineauxn4@theguardian.com,1995
Dickie Rasher,drashern5@google.com.au,1997
Allyson Padfield,apadfieldn6@dedecms.com,2006
Lemuel Bool,lbooln7@psu.edu,1998
Allison Torri,atorrin8@scribd.com,2006
Greg Lembke,glembken9@wikimedia.org,1995
Tedmund Carwithen,tcarwithenna@xinhuanet.com,1999
Germaine Douglas,gdouglasnb@senate.gov,2004
Billye Bradford,bbradfordnc@wordpress.com,1986
Gus Cranefield,gcranefieldnd@parallels.com,2007
Megan Dowden,mdowdenne@icq.com,2006
Jennie Barnard,jbarnardnf@vistaprint.com,2003
Vachel Lupson,vlupsonng@themeforest.net,2004
Artemis Ellsworthe,aellsworthenh@phpbb.com,2007
Wilton Ogles,woglesni@microsoft.com,2008
Any Lydster,alydsternj@loc.gov,1995
Robers Clausewitz,rclausewitznk@phoca.cz,2006
Meghann Stoakes,mstoakesnl@phpbb.com,1993
Delano O' Gara,donm@mozilla.com,2002
Joella Gilders,jgildersnn@twitpic.com,2012
Gaile McDougle,gmcdougleno@dot.gov,1997
Darline Lyal,dlyalnp@unicef.org,2002
Napoleon Savin,nsavinnq@desdev.cn,2008
Giacinta Lownds,glowndsnr@mapy.cz,1997
Myrvyn Twelftree,mtwelftreens@stanford.edu,2009
Gordie Boater,gboaternt@hc360.com,2010
Gabby Klimashevich,gklimashevichnu@photobucket.com,2004
Christie Bresland,cbreslandnv@51.la,1990
Caterina Wallas,cwallasnw@chicagotribune.com,1999
Salaidh Poschel,sposchelnx@hibu.com,1998
Bartolemo Shropshire,bshropshireny@epa.gov,2008
Burnaby Wigginton,bwiggintonnz@indiatimes.com,2012
Elva Armstrong,earmstrongo0@gravatar.com,2010
Jori Brahm,jbrahmo1@tmall.com,2002
Delila Sproson,dsprosono2@usa.gov,1997
Jesse Roles,jroleso3@bigcartel.com,2012
Ivie Vicarey,ivicareyo4@dell.com,2007
Cort Pietraszek,cpietraszeko5@nhs.uk,2010
Gabriele Kops,gkopso6@usatoday.com,1999
Fleur Ellaman,fellamano7@cnbc.com,2011
Dasi Peppett,dpeppetto8@earthlink.net,2009
Yuri Glendinning,yglendinningo9@cdbaby.com,1996
Merrick Orford,morfordoa@phoca.cz,2008
Josepha Christoforou,jchristoforouob@huffingtonpost.com,1995
Karrie Gormley,kgormleyoc@ucsd.edu,2012
Murial Elia,meliaod@wired.com,1999
Midge Knapper,mknapperoe@loc.gov,1997
Beatrix Summerly,bsummerlyof@wired.com,2010
Chrystel Theobald,ctheobaldog@theguardian.com,2007
Rockie Beausang,rbeausangoh@123-reg.co.uk,2006
Alejandra Esslemont,aesslemontoi@blogspot.com,2004
Patricio Cammocke,pcammockeoj@omniture.com,1989
Myrilla Tabart,mtabartok@surveymonkey.com,1999
Cynde MacDonnell,cmacdonnellol@cnbc.com,2010
Celestia Wrinch,cwrinchom@examiner.com,2009
Cheryl Hook,chookon@techcrunch.com,1992
Elladine Bengochea,ebengocheaoo@discuz.net,2000
Jessee Gamil,jgamilop@cornell.edu,1971
Allyson Clemence,aclemenceoq@xrea.com,1993
Jacqueline Linner,jlinneror@cmu.edu,2002
Emogene Roofe,eroofeos@webnode.com,2008
Janel Scrowston,jscrowstonot@arizona.edu,2003
Aliza Cutteridge,acutteridgeou@ovh.net,1988
Donna Rutter,drutterov@reuters.com,2000
Eachelle Tommis,etommisow@miibeian.gov.cn,2010
Hadrian Baldick,hbaldickox@weibo.com,2011
Devonne Alchin,dalchinoy@about.com,2011
Herc Freddi,hfreddioz@ehow.com,1998
Lila Popelay,lpopelayp0@nature.com,1985
Rebeka Stealfox,rstealfoxp1@wikispaces.com,2011
Lydon Coper,lcoperp2@multiply.com,2002
Felisha Janssens,fjanssensp3@yale.edu,2002
Cordula McMillam,cmcmillamp4@themeforest.net,2001
Kip Murrthum,kmurrthump5@naver.com,1995
Piggy Cleminshaw,pcleminshawp6@furl.net,1986
Quinlan Swinburn,qswinburnp7@time.com,2003
Gwynne Harlett,gharlettp8@twitter.com,2009
Bucky Apted,baptedp9@wunderground.com,2000
Charley Filby,cfilbypa@irs.gov,1991
Giacomo Posselwhite,gposselwhitepb@shutterfly.com,1997
Michaella Milsted,mmilstedpc@independent.co.uk,2000
Hildegaard Moulsdale,hmoulsdalepd@nymag.com,2007
Addie Middlemass,amiddlemasspe@businessinsider.com,2007
Naoma Haeslier,nhaeslierpf@statcounter.com,1993
Isidora Bradborne,ibradbornepg@pen.io,1993
Hogan Males,hmalesph@csmonitor.com,1986
Brien Troop,btrooppi@berkeley.edu,1987
Theresita Mingaud,tmingaudpj@dagondesign.com,2010
Tess Feighry,tfeighrypk@ovh.net,1992
Fionnula Barker,fbarkerpl@gravatar.com,2012
Kassia Cyphus,kcyphuspm@marketwatch.com,2001
Almire Decayette,adecayettepn@toplist.cz,2001
Ramsay Hansill,rhansillpo@arstechnica.com,2006
Donny Jossum,djossumpp@prlog.org,2001
Rene Donnett,rdonnettpq@dmoz.org,2007
Merrile Swale,mswalepr@smugmug.com,2007
Ward Houndson,whoundsonps@deliciousdays.com,1996
Margot Hearley,mhearleypt@seattletimes.com,2009
Micah Franies,mfraniespu@addthis.com,1993
Hansiain Feldstein,hfeldsteinpv@mail.ru,2007
Robina Sawyer,rsawyerpw@deliciousdays.com,1997
Wendie Delhay,wdelhaypx@princeton.edu,1993
Mason Gergler,mgerglerpy@pinterest.com,1987
Berni Carayol,bcarayolpz@slideshare.net,2002
Mellisa Alti,maltiq0@dell.com,1998
Delores Deverale,ddeveraleq1@engadget.com,2003
Hanna Farndale,hfarndaleq2@rediff.com,1956
Clevey Booth-Jarvis,cboothjarvisq3@who.int,2011
Sindee Powder,spowderq4@mail.ru,2011
Tiebold Lefeaver,tlefeaverq5@nymag.com,2010
Piggy O'Corrigane,pocorriganeq6@live.com,2008
Georgia Laroze,glarozeq7@flavors.me,1999
Ulrike Bryenton,ubryentonq8@opensource.org,2007
Evaleen Offer,eofferq9@un.org,1994
Emanuel Bellelli,ebellelliqa@blogger.com,2010
Kahaleel Gley,kgleyqb@howstuffworks.com,1975
Leroy Varfolomeev,lvarfolomeevqc@amazon.co.uk,1996
Etty Sans,esansqd@sun.com,2004
Kearney Heak,kheakqe@uiuc.edu,2011
Rollo Relf,rrelfqf@quantcast.com,1998
Fania Scally,fscallyqg@wikispaces.com,2008
Link Aguirrezabal,laguirrezabalqh@1und1.de,1999
Tiffani Vanne,tvanneqi@cpanel.net,2012
Vanna Maystone,vmaystoneqj@infoseek.co.jp,1997
Delmore Andri,dandriqk@usnews.com,2000
Lewes Kubacek,lkubacekql@dailymail.co.uk,2007
Jess Gossage,jgossageqm@tumblr.com,2012
Adela Seebright,aseebrightqn@woothemes.com,1998
Sybyl Colliar,scolliarqo@altervista.org,2006
Calli McDonand,cmcdonandqp@skyrock.com,2004
Padriac Dakhno,pdakhnoqq@hhs.gov,1993
Corinna Sebire,csebireqr@ycombinator.com,1986
Valry Sellek,vsellekqs@mashable.com,1988
Sascha Cardello,scardelloqt@uiuc.edu,2004
Elmo Duce,educequ@miitbeian.gov.cn,1988
Rivkah Brader,rbraderqv@theatlantic.com,2009
Kip Haggata,khaggataqw@infoseek.co.jp,1991
Petrina Crotty,pcrottyqx@yahoo.co.jp,2007
Melisse Tingly,mtinglyqy@angelfire.com,2008
Freida Jellybrand,fjellybrandqz@skyrock.com,1993
Sindee Sharpe,ssharper0@lycos.com,2005
Jeanne Glandon,jglandonr1@house.gov,2000
Brett Cabotto,bcabottor2@columbia.edu,2000
Felike Bissex,fbissexr3@umn.edu,1998
Lira Quinnelly,lquinnellyr4@instagram.com,1997
Barbara Lambdon,blambdonr5@samsung.com,1992
Gilberto Pengilley,gpengilleyr6@skyrock.com,1993
Shannon Droogan,sdrooganr7@domainmarket.com,1960
Elden Brogioni,ebrogionir8@google.cn,1993
Eleanore Bau,ebaur9@cbslocal.com,2006
Dyana Barlas,dbarlasra@theglobeandmail.com,2003
Richardo O'Hannay,rohannayrb@uiuc.edu,1999
Georgette Brewers,gbrewersrc@cam.ac.uk,1995
Gareth Caffin,gcaffinrd@columbia.edu,1988
Josiah Kinsella,jkinsellare@ask.com,1963
Panchito Hewlings,phewlingsrf@g.co,2007
Carlyn de Cullip,cderg@unesco.org,1992
Eda Skoyles,eskoylesrh@google.com.br,2003
Penni Vaskin,pvaskinri@studiopress.com,2011
Kellia Wileman,kwilemanrj@tripod.com,1997
Hanson Brocklehurst,hbrocklehurstrk@wordpress.com,2010
Tucky Piatkowski,tpiatkowskirl@topsy.com,1985
Michele MacCollom,mmaccollomrm@cornell.edu,2009
Charmaine Schwant,cschwantrn@ovh.net,1995
Joycelin Ravenscraft,jravenscraftro@mail.ru,1993
Kenny Kermitt,kkermittrp@fc2.com,1962
Debera Hinstridge,dhinstridgerq@wikipedia.org,2000
Denys Heeks,dheeksrr@vk.com,2002